player_id,player_name,team_id,team_name,season,jersey_number,position,position_type,status
642851,Austin Wynns,133,Athletics,2025,29,Catcher,Catcher,Active
669620,Brady Basso,133,Athletics,2025,66,Pitcher,Pitcher,Active
667670,Brent Rooker,133,Athletics,2025,25,Outfielder,Outfielder,Active
695391,Brett Harris,133,Athletics,2025,11,Third Base,Infielder,Active
666126,Carlos Cortes,133,Athletics,2025,26,Outfielder,Outfielder,Active
687515,Colby Thomas,133,Athletics,2025,32,Outfielder,Outfielder,Active
687231,Darell Hernaiz,133,Athletics,2025,2,Third Base,Infielder,Active
672016,Denzel Clarke,133,Athletics,2025,1,Outfielder,Outfielder,Active
674384,Eduarniel Núñez,133,Athletics,2025,54,Pitcher,Pitcher,Active
665660,Elvis Alvarado,133,Athletics,2025,61,Pitcher,Pitcher,Active
680880,Grant Holman,133,Athletics,2025,67,Pitcher,Pitcher,Active
680684,Gunnar Hoglund,133,Athletics,2025,53,Pitcher,Pitcher,Active
692013,Henry Baez,133,Athletics,2025,,Pitcher,Pitcher,Active
663687,Hogan Harris,133,Athletics,2025,36,Pitcher,Pitcher,Active
669372,J.T. Ginn,133,Athletics,2025,70,Pitcher,Pitcher,Active
668709,JJ Bleday,133,Athletics,2025,33,Outfielder,Outfielder,Active
678022,Jack Perkins,133,Athletics,2025,50,Pitcher,Pitcher,Active
682052,Jacob Lopez,133,Athletics,2025,57,Pitcher,Pitcher,Active
805779,Jacob Wilson,133,Athletics,2025,5,Shortstop,Infielder,Active
605488,Jeffrey Springs,133,Athletics,2025,59,Pitcher,Pitcher,Active
683155,Joey Estes,133,Athletics,2025,68,Pitcher,Pitcher,Active
686993,Justin Sterner,133,Athletics,2025,60,Pitcher,Pitcher,Active
686610,Ken Waldichuk,133,Athletics,2025,30,Pitcher,Pitcher,Active
671732,Lawrence Butler,133,Athletics,2025,4,Outfielder,Outfielder,Active
665622,Luis Medina,133,Athletics,2025,46,Pitcher,Pitcher,Active
806960,Luis Morales,133,Athletics,2025,58,Pitcher,Pitcher,Active
622663,Luis Severino,133,Athletics,2025,40,Pitcher,Pitcher,Active
686930,Mason Barnett,133,Athletics,2025,63,Pitcher,Pitcher,Active
691777,Max Muncy,133,Athletics,2025,10,Third Base,Infielder,Active
680474,Max Schuemann,133,Athletics,2025,12,Third Base,Infielder,Active
547184,Michael Kelly,133,Athletics,2025,49,Pitcher,Pitcher,Active
687765,Mitch Spence,133,Athletics,2025,28,Pitcher,Pitcher,Active
701762,Nick Kurtz,133,Athletics,2025,16,First Base,Infielder,Active
674370,Osvaldo Bido,133,Athletics,2025,45,Pitcher,Pitcher,Active
669127,Shea Langeliers,133,Athletics,2025,23,Catcher,Catcher,Active
621053,Tyler Ferguson,133,Athletics,2025,44,Pitcher,Pitcher,Active
691016,Tyler Soderstrom,133,Athletics,2025,21,Outfielder,Outfielder,Active
680869,Zack Gelof,133,Athletics,2025,20,Second Base,Infielder,Active
672744,Alexander Canario,134,Pittsburgh Pirates,2025,29,Outfielder,Outfielder,Active
695257,Billy Cook,134,Pittsburgh Pirates,2025,25,Outfield,Outfielder,Active
677952,Braxton Ashcraft,134,Pittsburgh Pirates,2025,67,Pitcher,Pitcher,Active
668804,Bryan Reynolds,134,Pittsburgh Pirates,2025,10,Outfielder,Outfielder,Active
696149,Bubba Chandler,134,Pittsburgh Pirates,2025,57,Pitcher,Pitcher,Active
687478,Cam Devanney,134,Pittsburgh Pirates,2025,34,Shortstop,Infielder,Active
676742,Cam Sanders,134,Pittsburgh Pirates,2025,64,Pitcher,Pitcher,Active
669387,Carmen Mlodzinski,134,Pittsburgh Pirates,2025,50,Pitcher,Pitcher,Active
663767,Chase Shugart,134,Pittsburgh Pirates,2025,55,Pitcher,Pitcher,Active
670059,Colin Holderman,134,Pittsburgh Pirates,2025,35,Pitcher,Pitcher,Active
664294,Dauri Moreta,134,Pittsburgh Pirates,2025,36,Pitcher,Pitcher,Active
642701,Dennis Santana,134,Pittsburgh Pirates,2025,60,Pitcher,Pitcher,Active
682848,Endy Rodríguez,134,Pittsburgh Pirates,2025,5,First Base,Infielder,Active
665839,Enmanuel Valdez,134,Pittsburgh Pirates,2025,48,First Base,Infielder,Active
681895,Evan Sisk,134,Pittsburgh Pirates,2025,51,Pitcher,Pitcher,Active
680779,Henry Davis,134,Pittsburgh Pirates,2025,32,Catcher,Catcher,Active
682995,Hunter Barco,134,Pittsburgh Pirates,2025,45,Pitcher,Pitcher,Active
676755,Isaac Mattson,134,Pittsburgh Pirates,2025,72,Pitcher,Pitcher,Active
669261,Jack Suwinski,134,Pittsburgh Pirates,2025,65,Outfielder,Outfielder,Active
683003,Jared Jones,134,Pittsburgh Pirates,2025,37,Pitcher,Pitcher,Active
669707,Jared Triolo,134,Pittsburgh Pirates,2025,19,Shortstop,Infielder,Active
663698,Joey Bart,134,Pittsburgh Pirates,2025,14,Catcher,Catcher,Active
670912,Johan Oviedo,134,Pittsburgh Pirates,2025,24,Pitcher,Pitcher,Active
664875,Justin Lawrence,134,Pittsburgh Pirates,2025,61,Pitcher,Pitcher,Active
693312,Kyle Nicolas,134,Pittsburgh Pirates,2025,66,Pitcher,Pitcher,Active
681347,Mike Burrows,134,Pittsburgh Pirates,2025,53,Pitcher,Pitcher,Active
656605,Mitch Keller,134,Pittsburgh Pirates,2025,23,Pitcher,Pitcher,Active
693304,Nick Gonzales,134,Pittsburgh Pirates,2025,39,Second Base,Infielder,Active
694377,Nick Yorke,134,Pittsburgh Pirates,2025,38,Second Base,Infielder,Active
665833,Oneil Cruz,134,Pittsburgh Pirates,2025,15,Outfielder,Outfielder,Active
694973,Paul Skenes,134,Pittsburgh Pirates,2025,30,Pitcher,Pitcher,Active
804668,Rafael Flores,134,Pittsburgh Pirates,2025,43,Catcher,Catcher,Active
682927,Ronny Simon,134,Pittsburgh Pirates,2025,63,Second Base,Infielder,Active
689877,Ryan Harbin,134,Pittsburgh Pirates,2025,,Pitcher,Pitcher,Active
687462,Spencer Horwitz,134,Pittsburgh Pirates,2025,2,First Base,Infielder,Active
802419,Thomas Harrington,134,Pittsburgh Pirates,2025,78,Pitcher,Pitcher,Active
691907,Tsung-Che Cheng,134,Pittsburgh Pirates,2025,71,Shortstop,Infielder,Active
683770,Will Robertson,134,Pittsburgh Pirates,2025,,Outfielder,Outfielder,Active
670990,Yohan Ramírez,134,Pittsburgh Pirates,2025,49,Pitcher,Pitcher,Active
670970,Adrian Morejon,135,San Diego Padres,2025,50,Pitcher,Pitcher,Active
689690,Alek Jacob,135,San Diego Padres,2025,37,Pitcher,Pitcher,Active
699134,Bradgley Rodriguez,135,San Diego Padres,2025,72,Pitcher,Pitcher,Active
663773,Bryan Hoeing,135,San Diego Padres,2025,78,Pitcher,Pitcher,Active
669369,Bryce Johnson,135,San Diego Padres,2025,29,Outfielder,Outfielder,Active
688158,David Morgan,135,San Diego Padres,2025,66,Pitcher,Pitcher,Active
665487,Fernando Tatis Jr.,135,San Diego Padres,2025,23,Outfielder,Outfielder,Active
666023,Freddy Fermin,135,San Diego Padres,2025,54,Catcher,Catcher,Active
657757,Gavin Sheets,135,San Diego Padres,2025,30,Outfielder,Outfielder,Active
676664,JP Sears,135,San Diego Padres,2025,38,Pitcher,Pitcher,Active
701538,Jackson Merrill,135,San Diego Padres,2025,3,Outfielder,Outfielder,Active
630105,Jake Cronenworth,135,San Diego Padres,2025,9,Second Base,Infielder,Active
592094,Jason Adam,135,San Diego Padres,2025,40,Pitcher,Pitcher,Active
669093,Jeremiah Estrada,135,San Diego Padres,2025,56,Pitcher,Pitcher,Active
666745,Jhony Brito,135,San Diego Padres,2025,76,Pitcher,Pitcher,Active
605397,Joe Musgrove,135,San Diego Padres,2025,44,Pitcher,Pitcher,Active
669134,Luis Campusano,135,San Diego Padres,2025,12,Catcher,Catcher,Active
592518,Manny Machado,135,San Diego Padres,2025,13,Third Base,Infielder,Active
669200,Mason McCoy,135,San Diego Padres,2025,18,Second Base,Infielder,Active
695243,Mason Miller,135,San Diego Padres,2025,22,Pitcher,Pitcher,Active
663362,Matt Waldron,135,San Diego Padres,2025,61,Pitcher,Pitcher,Active
601713,Nick Pivetta,135,San Diego Padres,2025,27,Pitcher,Pitcher,Active
678316,Omar Cruz,135,San Diego Padres,2025,60,Pitcher,Pitcher,Active
657656,Ramón Laureano,135,San Diego Padres,2025,5,Outfielder,Outfielder,Active
681190,Randy Vásquez,135,San Diego Padres,2025,98,Pitcher,Pitcher,Active
676760,Ron Marinaccio,135,San Diego Padres,2025,97,Pitcher,Pitcher,Active
669308,Sean Reynolds,135,San Diego Padres,2025,25,Pitcher,Pitcher,Active
672359,Tirso Ornelas,135,San Diego Padres,2025,21,Outfielder,Outfielder,Active
593974,Wandy Peralta,135,San Diego Padres,2025,58,Pitcher,Pitcher,Active
695238,Will Wagner,135,San Diego Padres,2025,24,Third Base,Infielder,Active
593428,Xander Bogaerts,135,San Diego Padres,2025,2,Shortstop,Infielder,Active
506433,Yu Darvish,135,San Diego Padres,2025,11,Pitcher,Pitcher,Active
673513,Yuki Matsui,135,San Diego Padres,2025,1,Pitcher,Pitcher,Active
662253,Andrés Muñoz,136,Seattle Mariners,2025,75,Pitcher,Pitcher,Active
810938,Ben Williamson,136,Seattle Mariners,2025,9,Third Base,Infielder,Active
680604,Blas Castaño,136,Seattle Mariners,2025,62,Pitcher,Pitcher,Active
693433,Bryan Woo,136,Seattle Mariners,2025,22,Pitcher,Pitcher,Active
682243,Bryce Miller,136,Seattle Mariners,2025,50,Pitcher,Pitcher,Active
663728,Cal Raleigh,136,Seattle Mariners,2025,29,Catcher,Catcher,Active
672841,Carlos Vargas,136,Seattle Mariners,2025,54,Pitcher,Pitcher,Active
668984,Casey Legumina,136,Seattle Mariners,2025,64,Pitcher,Pitcher,Active
677961,Cole Wilcox,136,Seattle Mariners,2025,,Pitcher,Pitcher,Active
702284,Cole Young,136,Seattle Mariners,2025,2,Second Base,Infielder,Active
682445,Domingo Gonzalez,136,Seattle Mariners,2025,,Pitcher,Pitcher,Active
686527,Dominic Canzone,136,Seattle Mariners,2025,8,Outfielder,Outfielder,Active
660825,Eduard Bazardo,136,Seattle Mariners,2025,83,Pitcher,Pitcher,Active
676106,Emerson Hancock,136,Seattle Mariners,2025,26,Pitcher,Pitcher,Active
642100,Gabe Speier,136,Seattle Mariners,2025,55,Pitcher,Pitcher,Active
669923,George Kirby,136,Seattle Mariners,2025,68,Pitcher,Pitcher,Active
666619,Gregory Santos,136,Seattle Mariners,2025,48,Pitcher,Pitcher,Active
695670,Harry Ford,136,Seattle Mariners,2025,5,Catcher,Catcher,Active
641487,J.P. Crawford,136,Seattle Mariners,2025,3,Shortstop,Infielder,Active
663804,Jackson Kowar,136,Seattle Mariners,2025,37,Pitcher,Pitcher,Active
646242,Jhonathan Díaz,136,Seattle Mariners,2025,74,Pitcher,Pitcher,Active
677594,Julio Rodríguez,136,Seattle Mariners,2025,44,Outfielder,Outfielder,Active
660844,Leo Rivas,136,Seattle Mariners,2025,76,Second Base,Infielder,Active
688138,Logan Evans,136,Seattle Mariners,2025,73,Pitcher,Pitcher,Active
669302,Logan Gilbert,136,Seattle Mariners,2025,36,Pitcher,Pitcher,Active
622491,Luis Castillo,136,Seattle Mariners,2025,58,Pitcher,Pitcher,Active
670042,Luke Raley,136,Seattle Mariners,2025,20,Outfielder,Outfielder,Active
666374,Matt Brash,136,Seattle Mariners,2025,47,Pitcher,Pitcher,Active
670156,Miles Mastrobuoni,136,Seattle Mariners,2025,21,Third Base,Infielder,Active
668227,Randy Arozarena,136,Seattle Mariners,2025,56,Outfielder,Outfielder,Active
689041,Rhylan Thomas,136,Seattle Mariners,2025,31,Outfielder,Outfielder,Active
669208,Ryan Bliss,136,Seattle Mariners,2025,1,Second Base,Infielder,Active
702795,Ryan Loutos,136,Seattle Mariners,2025,,Pitcher,Pitcher,Active
669392,Samad Taylor,136,Seattle Mariners,2025,0,Second Base,Infielder,Active
642048,Tayler Saucedo,136,Seattle Mariners,2025,60,Pitcher,Pitcher,Active
663423,Trent Thornton,136,Seattle Mariners,2025,46,Pitcher,Pitcher,Active
700187,Troy Taylor,136,Seattle Mariners,2025,59,Pitcher,Pitcher,Active
645302,Victor Robles,136,Seattle Mariners,2025,10,Outfielder,Outfielder,Active
668800,Andrew Knizner,137,San Francisco Giants,2025,21,Catcher,Catcher,Active
694918,Blade Tidwell,137,San Francisco Giants,2025,,Pitcher,Pitcher,Active
805811,Bryce Eldridge,137,San Francisco Giants,2025,78,First Base,Infielder,Active
693313,Carson Seymour,137,San Francisco Giants,2025,77,Pitcher,Pitcher,Active
687931,Carson Whisenhunt,137,San Francisco Giants,2025,88,Pitcher,Pitcher,Active
669477,Casey Schmitt,137,San Francisco Giants,2025,10,Third Base,Infielder,Active
683766,Christian Koss,137,San Francisco Giants,2025,50,Second Base,Infielder,Active
687551,Drew Gilbert,137,San Francisco Giants,2025,61,Outfielder,Outfielder,Active
669062,Erik Miller,137,San Francisco Giants,2025,68,Pitcher,Pitcher,Active
687529,Grant McCray,137,San Francisco Giants,2025,58,Outfielder,Outfielder,Active
806185,Hayden Birdsong,137,San Francisco Giants,2025,60,Pitcher,Pitcher,Active
671218,Heliot Ramos,137,San Francisco Giants,2025,17,Outfielder,Outfielder,Active
664141,JT Brubaker,137,San Francisco Giants,2025,34,Pitcher,Pitcher,Active
666464,Jerar Encarnacion,137,San Francisco Giants,2025,59,Outfielder,Outfielder,Active
683679,Jesus Rodriguez,137,San Francisco Giants,2025,,Catcher,Catcher,Active
666711,Joel Peguero,137,San Francisco Giants,2025,63,Pitcher,Pitcher,Active
664192,Joey Lucchesi,137,San Francisco Giants,2025,57,Pitcher,Pitcher,Active
676130,José Buttó,137,San Francisco Giants,2025,70,Pitcher,Pitcher,Active
808982,Jung Hoo Lee,137,San Francisco Giants,2025,51,Outfielder,Outfielder,Active
681909,Justin Dean,137,San Francisco Giants,2025,,Outfielder,Outfielder,Active
678906,Kai-Wei Teng,137,San Francisco Giants,2025,66,Pitcher,Pitcher,Active
676775,Keaton Winn,137,San Francisco Giants,2025,67,Pitcher,Pitcher,Active
694738,Landen Roupp,137,San Francisco Giants,2025,65,Pitcher,Pitcher,Active
657277,Logan Webb,137,San Francisco Giants,2025,62,Pitcher,Pitcher,Active
682641,Luis Matos,137,San Francisco Giants,2025,29,Outfielder,Outfielder,Active
682617,Marco Luciano,137,San Francisco Giants,2025,37,Outfield,Outfielder,Active
656305,Matt Chapman,137,San Francisco Giants,2025,26,Third Base,Infielder,Active
657424,Matt Gage,137,San Francisco Giants,2025,93,Pitcher,Pitcher,Active
672275,Patrick Bailey,137,San Francisco Giants,2025,14,Catcher,Catcher,Active
646240,Rafael Devers,137,San Francisco Giants,2025,16,Designated Hitter,Hitter,Active
678495,Randy Rodríguez,137,San Francisco Giants,2025,73,Pitcher,Pitcher,Active
665665,Reiver Sanmartin,137,San Francisco Giants,2025,,Pitcher,Pitcher,Active
592662,Robbie Ray,137,San Francisco Giants,2025,38,Pitcher,Pitcher,Active
676254,Ryan Walker,137,San Francisco Giants,2025,74,Pitcher,Pitcher,Active
702352,Spencer Bivens,137,San Francisco Giants,2025,76,Pitcher,Pitcher,Active
686790,Trevor McDonald,137,San Francisco Giants,2025,72,Pitcher,Pitcher,Active
663941,Tristan Beck,137,San Francisco Giants,2025,43,Pitcher,Pitcher,Active
666149,Tyler Fitzgerald,137,San Francisco Giants,2025,49,Second Base,Infielder,Active
685133,Wade Meckler,137,San Francisco Giants,2025,53,Outfield,Outfielder,Active
642715,Willy Adames,137,San Francisco Giants,2025,2,Shortstop,Infielder,Active
676475,Alec Burleson,138,St. Louis Cardinals,2025,41,First Base,Infielder,Active
701552,Andre Granillo,138,St. Louis Cardinals,2025,65,Pitcher,Pitcher,Active
669467,Andre Pallante,138,St. Louis Cardinals,2025,53,Pitcher,Pitcher,Active
680977,Brendan Donovan,138,St. Louis Cardinals,2025,33,Second Base,Infielder,Active
663494,Bryan Torres,138,St. Louis Cardinals,2025,,Outfield,Outfielder,Active
693409,César Prieto,138,St. Louis Cardinals,2025,31,Second Base,Infielder,Active
688297,Chris Roycroft,138,St. Louis Cardinals,2025,58,Pitcher,Pitcher,Active
700669,Gordon Graceffo,138,St. Louis Cardinals,2025,44,Pitcher,Pitcher,Active
671056,Iván Herrera,138,St. Louis Cardinals,2025,48,Catcher,Catcher,Active
699625,Jimmy Crooks,138,St. Louis Cardinals,2025,8,Catcher,Catcher,Active
668941,JoJo Romero,138,St. Louis Cardinals,2025,59,Pitcher,Pitcher,Active
667463,John King,138,St. Louis Cardinals,2025,47,Pitcher,Pitcher,Active
691023,Jordan Walker,138,St. Louis Cardinals,2025,18,Outfielder,Outfielder,Active
660896,Jorge Alcala,138,St. Louis Cardinals,2025,56,Pitcher,Pitcher,Active
665877,José Fermín,138,St. Louis Cardinals,2025,15,Second Base,Infielder,Active
681517,Kyle Leahy,138,St. Louis Cardinals,2025,62,Pitcher,Pitcher,Active
663457,Lars Nootbaar,138,St. Louis Cardinals,2025,21,Outfielder,Outfielder,Active
691026,Masyn Winn,138,St. Louis Cardinals,2025,0,Shortstop,Infielder,Active
689288,Matt Koperniak,138,St. Louis Cardinals,2025,29,Outfielder,Outfielder,Active
694335,Matt Svanson,138,St. Louis Cardinals,2025,49,Pitcher,Pitcher,Active
669461,Matthew Liberatore,138,St. Louis Cardinals,2025,52,Pitcher,Pitcher,Active
700241,Michael McGreevy,138,St. Louis Cardinals,2025,36,Pitcher,Pitcher,Active
701675,Nathan Church,138,St. Louis Cardinals,2025,27,Outfielder,Outfielder,Active
675919,Nick Raquet,138,St. Louis Cardinals,2025,70,Pitcher,Pitcher,Active
571448,Nolan Arenado,138,St. Louis Cardinals,2025,28,Third Base,Infielder,Active
669357,Nolan Gorman,138,St. Louis Cardinals,2025,16,Second Base,Infielder,Active
686780,Pedro Pagés,138,St. Louis Cardinals,2025,43,Catcher,Catcher,Active
676617,Riley O'Brien,138,St. Louis Cardinals,2025,55,Pitcher,Pitcher,Active
681676,Ryan Fernandez,138,St. Louis Cardinals,2025,64,Pitcher,Pitcher,Active
691828,Sem Robberse,138,St. Louis Cardinals,2025,61,Pitcher,Pitcher,Active
543243,Sonny Gray,138,St. Louis Cardinals,2025,54,Pitcher,Pitcher,Active
694358,Tekoah Roby,138,St. Louis Cardinals,2025,38,Pitcher,Pitcher,Active
695336,Thomas Saggese,138,St. Louis Cardinals,2025,25,Second Base,Infielder,Active
693311,Tink Hence,138,St. Louis Cardinals,2025,30,Pitcher,Pitcher,Active
687363,Victor Scott II,138,St. Louis Cardinals,2025,11,Outfielder,Outfielder,Active
575929,Willson Contreras,138,St. Louis Cardinals,2025,40,First Base,Infielder,Active
650968,Yohel Pozo,138,St. Louis Cardinals,2025,63,Catcher,Catcher,Active
664040,Brandon Lowe,139,Tampa Bay Rays,2025,8,Second Base,Infielder,Active
641329,Bryan Baker,139,Tampa Bay Rays,2025,47,Pitcher,Pitcher,Active
700246,Carson Williams,139,Tampa Bay Rays,2025,7,Shortstop,Infielder,Active
802415,Chandler Simpson,139,Tampa Bay Rays,2025,14,Outfielder,Outfielder,Active
666624,Christopher Morel,139,Tampa Bay Rays,2025,24,Outfielder,Outfielder,Active
642121,Cole Sulser,139,Tampa Bay Rays,2025,71,Pitcher,Pitcher,Active
656876,Drew Rasmussen,139,Tampa Bay Rays,2025,57,Pitcher,Pitcher,Active
670955,Edwin Uceta,139,Tampa Bay Rays,2025,63,Pitcher,Pitcher,Active
679358,Eric Orze,139,Tampa Bay Rays,2025,17,Pitcher,Pitcher,Active
677592,Everson Pereira,139,Tampa Bay Rays,2025,45,Outfielder,Outfielder,Active
666215,Forrest Whitley,139,Tampa Bay Rays,2025,,Pitcher,Pitcher,Active
664076,Garrett Cleavinger,139,Tampa Bay Rays,2025,60,Pitcher,Pitcher,Active
643377,Griffin Jax,139,Tampa Bay Rays,2025,22,Pitcher,Pitcher,Active
685801,Hunter Bigge,139,Tampa Bay Rays,2025,43,Pitcher,Pitcher,Active
676439,Hunter Feduccia,139,Tampa Bay Rays,2025,30,Catcher,Catcher,Active
693855,Ian Seymour,139,Tampa Bay Rays,2025,61,Pitcher,Pitcher,Active
641584,Jake Fraley,139,Tampa Bay Rays,2025,,Outfielder,Outfielder,Active
663968,Jake Mangum,139,Tampa Bay Rays,2025,28,Outfielder,Outfielder,Active
669947,Jesse Scholtens,139,Tampa Bay Rays,2025,65,Pitcher,Pitcher,Active
671212,Joe Boyle,139,Tampa Bay Rays,2025,36,Pitcher,Pitcher,Active
697812,Joe Rock,139,Tampa Bay Rays,2025,68,Pitcher,Pitcher,Active
666018,Jonathan Aranda,139,Tampa Bay Rays,2025,62,First Base,Infielder,Active
676356,Jonny DeLuca,139,Tampa Bay Rays,2025,21,Outfielder,Outfielder,Active
666139,Josh Lowe,139,Tampa Bay Rays,2025,15,Outfielder,Outfielder,Active
691406,Junior Caminero,139,Tampa Bay Rays,2025,13,Third Base,Infielder,Active
687330,Kevin Kelly,139,Tampa Bay Rays,2025,49,Pitcher,Pitcher,Active
655889,Manuel Rodríguez,139,Tampa Bay Rays,2025,39,Pitcher,Pitcher,Active
669438,Mason Englert,139,Tampa Bay Rays,2025,59,Pitcher,Pitcher,Active
682254,Mason Montgomery,139,Tampa Bay Rays,2025,48,Pitcher,Pitcher,Active
663743,Nick Fortes,139,Tampa Bay Rays,2025,40,Catcher,Catcher,Active
680700,Richie Palacios,139,Tampa Bay Rays,2025,1,Outfielder,Outfielder,Active
686752,Ryan Pepiot,139,Tampa Bay Rays,2025,44,Pitcher,Pitcher,Active
668723,Ryan Vilade,139,Tampa Bay Rays,2025,,Outfielder,Outfielder,Active
669358,Shane Baz,139,Tampa Bay Rays,2025,11,Pitcher,Pitcher,Active
663556,Shane McClanahan,139,Tampa Bay Rays,2025,18,Pitcher,Pitcher,Active
670764,Taylor Walls,139,Tampa Bay Rays,2025,6,Shortstop,Infielder,Active
656484,Tristan Gray,139,Tampa Bay Rays,2025,10,Third Base,Infielder,Active
671976,Tristan Peters,139,Tampa Bay Rays,2025,25,Outfielder,Outfielder,Active
650490,Yandy Díaz,139,Tampa Bay Rays,2025,2,First Base,Infielder,Active
692414,Yoniel Curet,139,Tampa Bay Rays,2025,58,Pitcher,Pitcher,Active
666969,Adolis García,140,Texas Rangers,2025,53,Outfielder,Outfielder,Active
696030,Alejandro Osuna,140,Texas Rangers,2025,19,Outfielder,Outfielder,Active
674003,Cody Bradford,140,Texas Rangers,2025,61,Pitcher,Pitcher,Active
683227,Cody Freeman,140,Texas Rangers,2025,39,Third Base,Infielder,Active
668390,Cole Winn,140,Texas Rangers,2025,60,Pitcher,Pitcher,Active
608369,Corey Seager,140,Texas Rangers,2025,5,Shortstop,Infielder,Active
687589,Dom Hamel,140,Texas Rangers,2025,,Pitcher,Pitcher,Active
693713,Emiliano Teodo,140,Texas Rangers,2025,82,Pitcher,Pitcher,Active
694497,Evan Carter,140,Texas Rangers,2025,32,Outfielder,Outfielder,Active
677649,Ezequiel Duran,140,Texas Rangers,2025,20,Shortstop,Infielder,Active
683004,Jack Leiter,140,Texas Rangers,2025,35,Pitcher,Pitcher,Active
656641,Jacob Latz,140,Texas Rangers,2025,67,Pitcher,Pitcher,Active
657097,Jacob Webb,140,Texas Rangers,2025,71,Pitcher,Pitcher,Active
594798,Jacob deGrom,140,Texas Rangers,2025,48,Pitcher,Pitcher,Active
669394,Jake Burger,140,Texas Rangers,2025,21,First Base,Infielder,Active
592626,Joc Pederson,140,Texas Rangers,2025,4,First Base,Infielder,Active
641680,Jonah Heim,140,Texas Rangers,2025,28,Catcher,Catcher,Active
692030,Jose Corniell,140,Texas Rangers,2025,59,Pitcher,Pitcher,Active
673962,Josh Jung,140,Texas Rangers,2025,6,Third Base,Infielder,Active
622250,Josh Sborz,140,Texas Rangers,2025,66,Pitcher,Pitcher,Active
669701,Josh Smith,140,Texas Rangers,2025,8,Shortstop,Infielder,Active
679822,Justin Foscue,140,Texas Rangers,2025,56,First Base,Infielder,Active
677958,Kumar Rocker,140,Texas Rangers,2025,80,Pitcher,Pitcher,Active
543309,Kyle Higashioka,140,Texas Rangers,2025,11,Catcher,Catcher,Active
681168,Luis Curvelo,140,Texas Rangers,2025,57,Pitcher,Pitcher,Active
687847,Marc Church,140,Texas Rangers,2025,30,Pitcher,Pitcher,Active
543760,Marcus Semien,140,Texas Rangers,2025,2,Second Base,Infielder,Active
680737,Michael Helman,140,Texas Rangers,2025,24,Outfielder,Outfielder,Active
671305,Michel Otañez,140,Texas Rangers,2025,,Pitcher,Pitcher,Active
543135,Nathan Eovaldi,140,Texas Rangers,2025,17,Pitcher,Pitcher,Active
676395,Robert Garcia,140,Texas Rangers,2025,62,Pitcher,Pitcher,Active
664059,Sam Haggerty,140,Texas Rangers,2025,0,Outfielder,Outfielder,Active
680862,Willie MacIver,140,Texas Rangers,2025,,Catcher,Catcher,Active
692437,Winston Santos,140,Texas Rangers,2025,84,Pitcher,Pitcher,Active
694671,Wyatt Langford,140,Texas Rangers,2025,36,Outfielder,Outfielder,Active
671936,Adam Macko,141,Toronto Blue Jays,2025,64,Pitcher,Pitcher,Active
680718,Addison Barger,141,Toronto Blue Jays,2025,47,Third Base,Infielder,Active
672386,Alejandro Kirk,141,Toronto Blue Jays,2025,30,Catcher,Catcher,Active
665926,Andrés Giménez,141,Toronto Blue Jays,2025,0,Second Base,Infielder,Active
682785,Angel Bastardo,141,Toronto Blue Jays,2025,66,Pitcher,Pitcher,Active
623993,Anthony Santander,141,Toronto Blue Jays,2025,25,Outfielder,Outfielder,Active
670102,Bowden Francis,141,Toronto Blue Jays,2025,44,Pitcher,Pitcher,Active
678218,Brandon Valenzuela,141,Toronto Blue Jays,2025,,Catcher,Catcher,Active
680755,Braydon Fisher,141,Toronto Blue Jays,2025,63,Pitcher,Pitcher,Active
663893,Brendon Little,141,Toronto Blue Jays,2025,54,Pitcher,Pitcher,Active
662139,Daulton Varsho,141,Toronto Blue Jays,2025,5,Outfielder,Outfielder,Active
676914,Davis Schneider,141,Toronto Blue Jays,2025,36,Outfielder,Outfielder,Active
687922,Easton Lucas,141,Toronto Blue Jays,2025,62,Pitcher,Pitcher,Active
641778,Eric Lauer,141,Toronto Blue Jays,2025,56,Pitcher,Pitcher,Active
676391,Ernie Clement,141,Toronto Blue Jays,2025,22,Third Base,Infielder,Active
543807,George Springer,141,Toronto Blue Jays,2025,4,Outfielder,Outfielder,Active
814005,Jake Bloss,141,Toronto Blue Jays,2025,28,Pitcher,Pitcher,Active
656546,Jeff Hoffman,141,Toronto Blue Jays,2025,23,Pitcher,Pitcher,Active
694388,Joey Loperfido,141,Toronto Blue Jays,2025,10,Outfielder,Outfielder,Active
682729,Jonatan Clase,141,Toronto Blue Jays,2025,8,Outfielder,Outfielder,Active
621244,José Berríos,141,Toronto Blue Jays,2025,17,Pitcher,Pitcher,Active
677865,Justin Bruihl,141,Toronto Blue Jays,2025,58,Pitcher,Pitcher,Active
592332,Kevin Gausman,141,Toronto Blue Jays,2025,34,Pitcher,Pitcher,Active
681751,Lazaro Estrada,141,Toronto Blue Jays,2025,60,Pitcher,Pitcher,Active
677870,Leo Jiménez,141,Toronto Blue Jays,2025,49,Shortstop,Infielder,Active
686973,Louis Varland,141,Toronto Blue Jays,2025,77,Pitcher,Pitcher,Active
689254,Mason Fluharty,141,Toronto Blue Jays,2025,68,Pitcher,Pitcher,Active
664702,Myles Straw,141,Toronto Blue Jays,2025,3,Outfielder,Outfielder,Active
664770,Nathan Lukes,141,Toronto Blue Jays,2025,38,Outfielder,Outfielder,Active
680704,Nick Sandlin,141,Toronto Blue Jays,2025,52,Pitcher,Pitcher,Active
687606,Paxton Schultz,141,Toronto Blue Jays,2025,65,Pitcher,Pitcher,Active
669456,Shane Bieber,141,Toronto Blue Jays,2025,57,Pitcher,Pitcher,Active
667297,Tommy Nance,141,Toronto Blue Jays,2025,45,Pitcher,Pitcher,Active
702056,Trey Yesavage,141,Toronto Blue Jays,2025,39,Pitcher,Pitcher,Active
623168,Tyler Heineman,141,Toronto Blue Jays,2025,55,Catcher,Catcher,Active
665489,Vladimir Guerrero Jr.,141,Toronto Blue Jays,2025,27,First Base,Infielder,Active
684320,Yariel Rodríguez,141,Toronto Blue Jays,2025,29,Pitcher,Pitcher,Active
554340,Yimi García,141,Toronto Blue Jays,2025,93,Pitcher,Pitcher,Active
702176,Alan Roden,142,Minnesota Twins,2025,19,Outfielder,Outfielder,Active
668885,Austin Martin,142,Minnesota Twins,2025,16,Outfielder,Outfielder,Active
641927,Bailey Ober,142,Minnesota Twins,2025,17,Pitcher,Pitcher,Active
686797,Brooks Lee,142,Minnesota Twins,2025,2,Third Base,Infielder,Active
621439,Byron Buxton,142,Minnesota Twins,2025,25,Outfielder,Outfielder,Active
676812,Carson McCusker,142,Minnesota Twins,2025,60,Outfielder,Outfielder,Active
663485,Cole Sands,142,Minnesota Twins,2025,44,Pitcher,Pitcher,Active
680577,DaShawn Keirsey Jr.,142,Minnesota Twins,2025,21,Outfielder,Outfielder,Active
701581,David Festa,142,Minnesota Twins,2025,58,Pitcher,Pitcher,Active
666397,Edouard Julien,142,Minnesota Twins,2025,47,Second Base,Infielder,Active
691181,Emmanuel Rodriguez,142,Minnesota Twins,2025,32,Outfielder,Outfielder,Active
681546,James Outman,142,Minnesota Twins,2025,43,Outfielder,Outfielder,Active
640902,Jhonny Pereda,142,Minnesota Twins,2025,65,Catcher,Catcher,Active
657746,Joe Ryan,142,Minnesota Twins,2025,41,Pitcher,Pitcher,Active
623437,Justin Topa,142,Minnesota Twins,2025,48,Pitcher,Pitcher,Active
665019,Kody Clemens,142,Minnesota Twins,2025,18,Second Base,Infielder,Active
681892,Kody Funderburk,142,Minnesota Twins,2025,55,Pitcher,Pitcher,Active
807712,Luke Keaschall,142,Minnesota Twins,2025,15,Second Base,Infielder,Active
694397,Marco Raya,142,Minnesota Twins,2025,85,Pitcher,Pitcher,Active
670242,Matt Wallner,142,Minnesota Twins,2025,38,Outfielder,Outfielder,Active
690953,Mick Abel,142,Minnesota Twins,2025,20,Pitcher,Pitcher,Active
681508,Mickey Gasper,142,Minnesota Twins,2025,11,Second Base,Infielder,Active
641154,Pablo López,142,Minnesota Twins,2025,49,Pitcher,Pitcher,Active
701487,Pierson Ohl,142,Minnesota Twins,2025,62,Pitcher,Pitcher,Active
668904,Royce Lewis,142,Minnesota Twins,2025,23,Third Base,Infielder,Active
680837,Ryan Fitzgerald,142,Minnesota Twins,2025,53,Third Base,Infielder,Active
680777,Ryan Jeffers,142,Minnesota Twins,2025,27,Catcher,Catcher,Active
668952,Ryan Kreidler,142,Minnesota Twins,2025,,Outfielder,Outfielder,Active
680573,Simeon Woods Richardson,142,Minnesota Twins,2025,24,Pitcher,Pitcher,Active
671737,Taj Bradley,142,Minnesota Twins,2025,26,Pitcher,Pitcher,Active
701519,Travis Adams,142,Minnesota Twins,2025,45,Pitcher,Pitcher,Active
663616,Trevor Larnach,142,Minnesota Twins,2025,9,Outfielder,Outfielder,Active
805673,Zebby Matthews,142,Minnesota Twins,2025,52,Pitcher,Pitcher,Active
605400,Aaron Nola,143,Philadelphia Phillies,2025,27,Pitcher,Pitcher,Active
660604,Alan Rangel,143,Philadelphia Phillies,2025,56,Pitcher,Pitcher,Active
664761,Alec Bohm,143,Philadelphia Phillies,2025,28,Third Base,Infielder,Active
669016,Brandon Marsh,143,Philadelphia Phillies,2025,16,Outfielder,Outfielder,Active
547180,Bryce Harper,143,Philadelphia Phillies,2025,3,First Base,Infielder,Active
681082,Bryson Stott,143,Philadelphia Phillies,2025,5,Second Base,Infielder,Active
650911,Cristopher Sánchez,143,Philadelphia Phillies,2025,61,Pitcher,Pitcher,Active
642016,Daniel Robert,143,Philadelphia Phillies,2025,48,Pitcher,Pitcher,Active
624641,Edmundo Sosa,143,Philadelphia Phillies,2025,33,Second Base,Infielder,Active
596117,Garrett Stubbs,143,Philadelphia Phillies,2025,21,Catcher,Catcher,Active
691893,Jean Cabrera,143,Philadelphia Phillies,2025,79,Pitcher,Pitcher,Active
666200,Jesús Luzardo,143,Philadelphia Phillies,2025,44,Pitcher,Pitcher,Active
661395,Jhoan Duran,143,Philadelphia Phillies,2025,59,Pitcher,Pitcher,Active
679032,Johan Rojas,143,Philadelphia Phillies,2025,23,Outfielder,Outfielder,Active
621237,José Alvarado,143,Philadelphia Phillies,2025,46,Pitcher,Pitcher,Active
621381,Matt Strahm,143,Philadelphia Phillies,2025,25,Pitcher,Pitcher,Active
676661,Max Lazar,143,Philadelphia Phillies,2025,60,Pitcher,Pitcher,Active
675650,Michael Mercado,143,Philadelphia Phillies,2025,63,Pitcher,Pitcher,Active
691330,Moisés Chace,143,Philadelphia Phillies,2025,75,Pitcher,Pitcher,Active
592206,Nick Castellanos,143,Philadelphia Phillies,2025,8,Outfielder,Outfielder,Active
676510,Nolan Hoffman,143,Philadelphia Phillies,2025,47,Pitcher,Pitcher,Active
689147,Orion Kerkering,143,Philadelphia Phillies,2025,50,Pitcher,Pitcher,Active
805249,Otto Kemp,143,Philadelphia Phillies,2025,4,First Base,Infielder,Active
665561,Rafael Marchán,143,Philadelphia Phillies,2025,13,Catcher,Catcher,Active
686751,Seth Johnson,143,Philadelphia Phillies,2025,51,Pitcher,Pitcher,Active
592836,Taijuan Walker,143,Philadelphia Phillies,2025,99,Pitcher,Pitcher,Active
621383,Tanner Banks,143,Philadelphia Phillies,2025,58,Pitcher,Pitcher,Active
607208,Trea Turner,143,Philadelphia Phillies,2025,7,Shortstop,Infielder,Active
642215,Weston Wilson,143,Philadelphia Phillies,2025,37,Outfielder,Outfielder,Active
554430,Zack Wheeler,143,Philadelphia Phillies,2025,45,Pitcher,Pitcher,Active
700363,AJ Smith-Shawver,144,Atlanta Braves,2025,32,Pitcher,Pitcher,Active
607481,Aaron Bummer,144,Atlanta Braves,2025,49,Pitcher,Pitcher,Active
666201,Alek Manoah,144,Atlanta Braves,2025,,Pitcher,Pitcher,Active
663586,Austin Riley,144,Atlanta Braves,2025,27,Third Base,Infielder,Active
689172,Brett Wisely,144,Atlanta Braves,2025,60,Second Base,Infielder,Active
693821,Bryce Elder,144,Atlanta Braves,2025,55,Pitcher,Pitcher,Active
519242,Chris Sale,144,Atlanta Braves,2025,51,Pitcher,Pitcher,Active
678226,Daysbel Hernández,144,Atlanta Braves,2025,62,Pitcher,Pitcher,Active
800311,Didier Fuentes,144,Atlanta Braves,2025,75,Pitcher,Pitcher,Active
686948,Drake Baldwin,144,Atlanta Braves,2025,30,Catcher,Catcher,Active
689266,Dylan Dodd,144,Atlanta Braves,2025,46,Pitcher,Pitcher,Active
669276,Dylan Lee,144,Atlanta Braves,2025,52,Pitcher,Pitcher,Active
642201,Eli White,144,Atlanta Braves,2025,36,Outfielder,Outfielder,Active
656550,Grant Holmes,144,Atlanta Braves,2025,66,Pitcher,Pitcher,Active
802686,Hayden Harris,144,Atlanta Braves,2025,79,Pitcher,Pitcher,Active
676702,Hunter Stratton,144,Atlanta Braves,2025,65,Pitcher,Pitcher,Active
694462,Hurston Waldrep,144,Atlanta Braves,2025,64,Pitcher,Pitcher,Active
702910,Jhancarlos Lara,144,Atlanta Braves,2025,81,Pitcher,Pitcher,Active
641729,Joe Jiménez,144,Atlanta Braves,2025,77,Pitcher,Pitcher,Active
666214,Joey Wentz,144,Atlanta Braves,2025,33,Pitcher,Pitcher,Active
660761,José Suarez,144,Atlanta Braves,2025,54,Pitcher,Pitcher,Active
595777,Jurickson Profar,144,Atlanta Braves,2025,7,Outfielder,Outfielder,Active
621566,Matt Olson,144,Atlanta Braves,2025,28,First Base,Infielder,Active
671739,Michael Harris II,144,Atlanta Braves,2025,23,Outfielder,Outfielder,Active
672279,Michael Siani,144,Atlanta Braves,2025,,Outfielder,Outfielder,Active
805373,Nacho Alvarez Jr.,144,Atlanta Braves,2025,67,Shortstop,Infielder,Active
669397,Nick Allen,144,Atlanta Braves,2025,2,Shortstop,Infielder,Active
645277,Ozzie Albies,144,Atlanta Braves,2025,1,Second Base,Infielder,Active
625643,Reynaldo López,144,Atlanta Braves,2025,40,Pitcher,Pitcher,Active
691548,Rolddy Muñoz,144,Atlanta Braves,2025,70,Pitcher,Pitcher,Active
660670,Ronald Acuña Jr.,144,Atlanta Braves,2025,13,Outfielder,Outfielder,Active
669221,Sean Murphy,144,Atlanta Braves,2025,12,Catcher,Catcher,Active
680885,Spencer Schwellenbach,144,Atlanta Braves,2025,56,Pitcher,Pitcher,Active
675911,Spencer Strider,144,Atlanta Braves,2025,99,Pitcher,Pitcher,Active
660644,Vidal Bruján,144,Atlanta Braves,2025,17,Third Base,Infielder,Active
643217,Andrew Benintendi,145,Chicago White Sox,2025,23,Outfielder,Outfielder,Active
701496,Ben Cowles,145,Chicago White Sox,2025,,Third Base,Infielder,Active
685126,Brandon Eisert,145,Chicago White Sox,2025,53,Pitcher,Pitcher,Active
681460,Brooks Baldwin,145,Chicago White Sox,2025,27,Outfielder,Outfielder,Active
663542,Bryan Hudson,145,Chicago White Sox,2025,60,Pitcher,Pitcher,Active
682868,Bryan Ramos,145,Chicago White Sox,2025,44,Third Base,Infielder,Active
592155,Cam Booser,145,Chicago White Sox,2025,71,Pitcher,Pitcher,Active
805367,Chase Meidroth,145,Chicago White Sox,2025,10,Shortstop,Infielder,Active
695657,Colson Montgomery,145,Chicago White Sox,2025,12,Shortstop,Infielder,Active
678554,Curtis Mead,145,Chicago White Sox,2025,29,First Base,Infielder,Active
663436,Davis Martin,145,Chicago White Sox,2025,65,Pitcher,Pitcher,Active
656537,Derek Hill,145,Chicago White Sox,2025,47,Outfielder,Outfielder,Active
689672,Drew Thorpe,145,Chicago White Sox,2025,33,Pitcher,Pitcher,Active
700337,Edgar Quero,145,Chicago White Sox,2025,7,Catcher,Catcher,Active
686642,Fraser Ellard,145,Chicago White Sox,2025,55,Pitcher,Pitcher,Active
691799,Grant Taylor,145,Chicago White Sox,2025,31,Pitcher,Pitcher,Active
683568,Jairo Iriarte,145,Chicago White Sox,2025,58,Pitcher,Pitcher,Active
686563,Jonathan Cannon,145,Chicago White Sox,2025,48,Pitcher,Pitcher,Active
673929,Jordan Leasure,145,Chicago White Sox,2025,49,Pitcher,Pitcher,Active
686676,Korey Lee,145,Chicago White Sox,2025,26,Catcher,Catcher,Active
681066,Ky Bush,145,Chicago White Sox,2025,,Pitcher,Pitcher,Active
691019,Kyle Teel,145,Chicago White Sox,2025,8,Catcher,Catcher,Active
672820,Lenyn Sosa,145,Chicago White Sox,2025,50,Second Base,Infielder,Active
673357,Luis Robert Jr.,145,Chicago White Sox,2025,88,Outfielder,Outfielder,Active
678246,Miguel Vargas,145,Chicago White Sox,2025,20,Third Base,Infielder,Active
643565,Mike Tauchman,145,Chicago White Sox,2025,18,Outfielder,Outfielder,Active
678024,Mike Vasil,145,Chicago White Sox,2025,61,Pitcher,Pitcher,Active
672860,Prelander Berroa,145,Chicago White Sox,2025,66,Pitcher,Pitcher,Active
680732,Sean Burke,145,Chicago White Sox,2025,59,Pitcher,Pitcher,Active
681343,Shane Smith,145,Chicago White Sox,2025,64,Pitcher,Pitcher,Active
621051,Steven Wilson,145,Chicago White Sox,2025,36,Pitcher,Pitcher,Active
671284,Tim Elko,145,Chicago White Sox,2025,30,First Base,Infielder,Active
656457,Tyler Gilbert,145,Chicago White Sox,2025,40,Pitcher,Pitcher,Active
682790,Wikelman González,145,Chicago White Sox,2025,66,Pitcher,Pitcher,Active
672782,Yoendrys Gómez,145,Chicago White Sox,2025,94,Pitcher,Pitcher,Active
800049,Adam Mazur,146,Miami Marlins,2025,60,Pitcher,Pitcher,Active
682663,Agustín Ramírez,146,Miami Marlins,2025,50,Catcher,Catcher,Active
677053,Andrew Nardi,146,Miami Marlins,2025,43,Pitcher,Pitcher,Active
669622,Anthony Bender,146,Miami Marlins,2025,37,Pitcher,Pitcher,Active
666129,Braxton Garrett,146,Miami Marlins,2025,29,Pitcher,Pitcher,Active
806188,Cade Gibson,146,Miami Marlins,2025,58,Pitcher,Pitcher,Active
676534,Calvin Faucher,146,Miami Marlins,2025,53,Pitcher,Pitcher,Active
681393,Connor Norby,146,Miami Marlins,2025,1,Third Base,Infielder,Active
667472,Dane Myers,146,Miami Marlins,2025,54,Outfielder,Outfielder,Active
690978,Dax Fulton,146,Miami Marlins,2025,90,Pitcher,Pitcher,Active
691277,Deyvison De Los Santos,146,Miami Marlins,2025,65,Third Base,Infielder,Active
665795,Edward Cabrera,146,Miami Marlins,2025,27,Pitcher,Pitcher,Active
676572,Eric Wagaman,146,Miami Marlins,2025,33,First Base,Infielder,Active
691587,Eury Pérez,146,Miami Marlins,2025,39,Pitcher,Pitcher,Active
688363,Graham Pauley,146,Miami Marlins,2025,21,Third Base,Infielder,Active
665052,Griffin Conine,146,Miami Marlins,2025,18,Outfielder,Outfielder,Active
681715,Heriberto Hernández,146,Miami Marlins,2025,64,Outfielder,Outfielder,Active
805300,Jakob Marsee,146,Miami Marlins,2025,87,Outfielder,Outfielder,Active
676083,Janson Junk,146,Miami Marlins,2025,26,Pitcher,Pitcher,Active
691858,Jared Serna,146,Miami Marlins,2025,68,Shortstop,Infielder,Active
691594,Javier Sanoja,146,Miami Marlins,2025,46,Second Base,Infielder,Active
686894,Joey Wiemer,146,Miami Marlins,2025,41,Outfielder,Outfielder,Active
681006,Josh Simpson,146,Miami Marlins,2025,66,Pitcher,Pitcher,Active
669065,Kyle Stowers,146,Miami Marlins,2025,28,Outfielder,Outfielder,Active
669199,Lake Bachar,146,Miami Marlins,2025,84,Pitcher,Pitcher,Active
689414,Liam Hicks,146,Miami Marlins,2025,34,Catcher,Catcher,Active
676974,Max Meyer,146,Miami Marlins,2025,23,Pitcher,Pitcher,Active
691185,Maximo Acosta,146,Miami Marlins,2025,24,Shortstop,Infielder,Active
656848,Michael Petersen,146,Miami Marlins,2025,49,Pitcher,Pitcher,Active
672640,Otto Lopez,146,Miami Marlins,2025,6,Second Base,Infielder,Active
678692,Ronny Henriquez,146,Miami Marlins,2025,32,Pitcher,Pitcher,Active
687473,Ryan Gusto,146,Miami Marlins,2025,65,Pitcher,Pitcher,Active
677960,Ryan Weathers,146,Miami Marlins,2025,35,Pitcher,Pitcher,Active
645261,Sandy Alcantara,146,Miami Marlins,2025,22,Pitcher,Pitcher,Active
663969,Tyler Phillips,146,Miami Marlins,2025,30,Pitcher,Pitcher,Active
683748,Victor Mesa Jr.,146,Miami Marlins,2025,10,Outfielder,Outfielder,Active
669364,Xavier Edwards,146,Miami Marlins,2025,9,Shortstop,Infielder,Active
694350,Zach Brzykcy,146,Miami Marlins,2025,,Pitcher,Pitcher,Active
592450,Aaron Judge,147,New York Yankees,2025,99,Outfielder,Outfielder,Active
642216,Allan Winans,147,New York Yankees,2025,62,Pitcher,Pitcher,Active
683011,Anthony Volpe,147,New York Yankees,2025,11,Shortstop,Infielder,Active
669224,Austin Wells,147,New York Yankees,2025,28,Catcher,Catcher,Active
700250,Ben Rice,147,New York Yankees,2025,22,First Base,Infielder,Active
669699,Braden Shewmake,147,New York Yankees,2025,89,Shortstop,Infielder,Active
687396,Brent Headrick,147,New York Yankees,2025,47,Pitcher,Pitcher,Active
693645,Cam Schlittler,147,New York Yankees,2025,31,Pitcher,Pitcher,Active
666808,Camilo Doval,147,New York Yankees,2025,75,Pitcher,Pitcher,Active
607074,Carlos Rodón,147,New York Yankees,2025,55,Pitcher,Pitcher,Active
657376,Clarke Schmidt,147,New York Yankees,2025,36,Pitcher,Pitcher,Active
670280,David Bednar,147,New York Yankees,2025,53,Pitcher,Pitcher,Active
518585,Fernando Cruz,147,New York Yankees,2025,63,Pitcher,Pitcher,Active
543037,Gerrit Cole,147,New York Yankees,2025,45,Pitcher,Pitcher,Active
519317,Giancarlo Stanton,147,New York Yankees,2025,27,Designated Hitter,Hitter,Active
641656,Ian Hamilton,147,New York Yankees,2025,71,Pitcher,Pitcher,Active
641555,J.C. Escarra,147,New York Yankees,2025,25,Catcher,Catcher,Active
656234,Jake Bird,147,New York Yankees,2025,59,Pitcher,Pitcher,Active
664776,Jake Cousins,147,New York Yankees,2025,61,Pitcher,Pitcher,Active
691176,Jasson Domínguez,147,New York Yankees,2025,24,Outfielder,Outfielder,Active
682144,Jayvien Sandridge,147,New York Yankees,2025,88,Pitcher,Pitcher,Active
665862,Jazz Chisholm Jr.,147,New York Yankees,2025,13,Second Base,Infielder,Active
678391,Jorbit Vivas,147,New York Yankees,2025,90,Second Base,Infielder,Active
676609,José Caballero,147,New York Yankees,2025,72,Shortstop,Infielder,Active
665645,Kervin Castro,147,New York Yankees,2025,,Pitcher,Pitcher,Active
661563,Luis Gil,147,New York Yankees,2025,81,Pitcher,Pitcher,Active
643410,Mark Leiter Jr.,147,New York Yankees,2025,56,Pitcher,Pitcher,Active
608331,Max Fried,147,New York Yankees,2025,54,Pitcher,Pitcher,Active
683522,Michael Arias,147,New York Yankees,2025,83,Pitcher,Pitcher,Active
665828,Oswaldo Cabrera,147,New York Yankees,2025,95,Third Base,Infielder,Active
641857,Ryan McMahon,147,New York Yankees,2025,19,Third Base,Infielder,Active
664123,Scott Effross,147,New York Yankees,2025,57,Pitcher,Pitcher,Active
657612,Tim Hill,147,New York Yankees,2025,41,Pitcher,Pitcher,Active
701542,Will Warren,147,New York Yankees,2025,98,Pitcher,Pitcher,Active
660787,Yerry De los Santos,147,New York Yankees,2025,73,Pitcher,Pitcher,Active
676879,Aaron Ashby,158,Milwaukee Brewers,2025,26,Pitcher,Pitcher,Active
682842,Abner Uribe,158,Milwaukee Brewers,2025,45,Pitcher,Pitcher,Active
683734,Andrew Vaughn,158,Milwaukee Brewers,2025,28,First Base,Infielder,Active
655316,Andruw Monasterio,158,Milwaukee Brewers,2025,14,Shortstop,Infielder,Active
678011,Anthony Seigler,158,Milwaukee Brewers,2025,18,Second Base,Infielder,Active
663368,Blake Perkins,158,Milwaukee Brewers,2025,16,Outfielder,Outfielder,Active
663604,Brandon Lockridge,158,Milwaukee Brewers,2025,20,Outfielder,Outfielder,Active
668930,Brice Turang,158,Milwaukee Brewers,2025,2,Second Base,Infielder,Active
702332,Caleb Durbin,158,Milwaukee Brewers,2025,21,Third Base,Infielder,Active
692230,Carlos Rodriguez,158,Milwaukee Brewers,2025,00,Pitcher,Pitcher,Active
694477,Chad Patrick,158,Milwaukee Brewers,2025,39,Pitcher,Pitcher,Active
592885,Christian Yelich,158,Milwaukee Brewers,2025,22,Outfielder,Outfielder,Active
689441,Coleman Crow,158,Milwaukee Brewers,2025,,Pitcher,Pitcher,Active
684974,Craig Yoho,158,Milwaukee Brewers,2025,48,Pitcher,Pitcher,Active
669084,DL Hall,158,Milwaukee Brewers,2025,37,Pitcher,Pitcher,Active
668834,Easton McGee,158,Milwaukee Brewers,2025,50,Pitcher,Pitcher,Active
642547,Freddy Peralta,158,Milwaukee Brewers,2025,51,Pitcher,Pitcher,Active
669003,Garrett Mitchell,158,Milwaukee Brewers,2025,5,Outfielder,Outfielder,Active
681982,Grant Anderson,158,Milwaukee Brewers,2025,56,Pitcher,Pitcher,Active
686555,Isaac Collins,158,Milwaukee Brewers,2025,6,Outfielder,Outfielder,Active
694192,Jackson Chourio,158,Milwaukee Brewers,2025,11,Outfielder,Outfielder,Active
694819,Jacob Misiorowski,158,Milwaukee Brewers,2025,32,Pitcher,Pitcher,Active
641343,Jake Bauers,158,Milwaukee Brewers,2025,9,First Base,Infielder,Active
657649,Jared Koenig,158,Milwaukee Brewers,2025,47,Pitcher,Pitcher,Active
691620,Jeferson Quero,158,Milwaukee Brewers,2025,76,Catcher,Catcher,Active
687401,Joey Ortiz,158,Milwaukee Brewers,2025,3,Shortstop,Infielder,Active
701656,Logan Henderson,158,Milwaukee Brewers,2025,43,Pitcher,Pitcher,Active
683232,Nick Mears,158,Milwaukee Brewers,2025,25,Pitcher,Pitcher,Active
682990,Quinn Priester,158,Milwaukee Brewers,2025,46,Pitcher,Pitcher,Active
642239,Rob Zastryzny,158,Milwaukee Brewers,2025,58,Pitcher,Pitcher,Active
688107,Robert Gasser,158,Milwaukee Brewers,2025,54,Pitcher,Pitcher,Active
686217,Sal Frelick,158,Milwaukee Brewers,2025,10,Outfielder,Outfielder,Active
671111,Sammy Peralta,158,Milwaukee Brewers,2025,,Pitcher,Pitcher,Active
672642,Steward Berroa,158,Milwaukee Brewers,2025,35,Outfielder,Outfielder,Active
668964,Tobias Myers,158,Milwaukee Brewers,2025,36,Pitcher,Pitcher,Active
656730,Trevor Megill,158,Milwaukee Brewers,2025,29,Pitcher,Pitcher,Active
672012,Tyler Black,158,Milwaukee Brewers,2025,7,Third Base,Infielder,Active
661388,William Contreras,158,Milwaukee Brewers,2025,24,Catcher,Catcher,Active
543685,Anthony Rendon,108,Los Angeles Angels,2025,6,Third Base,Infielder,Active
690829,Ben Joyce,108,Los Angeles Angels,2025,44,Pitcher,Pitcher,Active
656271,Brock Burke,108,Los Angeles Angels,2025,46,Pitcher,Pitcher,Active
669326,Bryce Teodosio,108,Los Angeles Angels,2025,22,Outfielder,Outfielder,Active
702674,Caden Dana,108,Los Angeles Angels,2025,36,Pitcher,Pitcher,Active
681217,Chase Silseth,108,Los Angeles Angels,2025,63,Pitcher,Pitcher,Active
695681,Christian Moore,108,Los Angeles Angels,2025,4,Second Base,Infielder,Active
689520,Cody Laweryson,108,Los Angeles Angels,2025,,Pitcher,Pitcher,Active
694203,Denzer Guzman,108,Los Angeles Angels,2025,13,Shortstop,Infielder,Active
672569,Gustavo Campero,108,Los Angeles Angels,2025,51,Outfielder,Outfielder,Active
686799,Jack Kochanowicz,108,Los Angeles Angels,2025,41,Pitcher,Pitcher,Active
666176,Jo Adell,108,Los Angeles Angels,2025,7,Outfielder,Outfielder,Active
624585,Jorge Soler,108,Los Angeles Angels,2025,12,Outfielder,Outfielder,Active
820862,José Fermin,108,Los Angeles Angels,2025,68,Pitcher,Pitcher,Active
667755,José Soriano,108,Los Angeles Angels,2025,59,Pitcher,Pitcher,Active
677347,Kyren Paris,108,Los Angeles Angels,2025,19,Second Base,Infielder,Active
681351,Logan O'Hoppe,108,Los Angeles Angels,2025,14,Catcher,Catcher,Active
683090,Matthew Lugo,108,Los Angeles Angels,2025,15,Outfielder,Outfielder,Active
545361,Mike Trout,108,Los Angeles Angels,2025,27,Outfielder,Outfielder,Active
815083,Mitch Farris,108,Los Angeles Angels,2025,70,Pitcher,Pitcher,Active
694384,Nolan Schanuel,108,Los Angeles Angels,2025,18,First Base,Infielder,Active
672724,Oswald Peraza,108,Los Angeles Angels,2025,10,Third Base,Infielder,Active
672282,Reid Detmers,108,Los Angeles Angels,2025,48,Pitcher,Pitcher,Active
596112,Robert Stephenson,108,Los Angeles Angels,2025,24,Pitcher,Pitcher,Active
696270,Ryan Johnson,108,Los Angeles Angels,2025,32,Pitcher,Pitcher,Active
666171,Ryan Zeferjahn,108,Los Angeles Angels,2025,56,Pitcher,Pitcher,Active
691951,Sam Aldegheri,108,Los Angeles Angels,2025,61,Pitcher,Pitcher,Active
696147,Sam Bachman,108,Los Angeles Angels,2025,40,Pitcher,Pitcher,Active
665861,Sebastián Rivero,108,Los Angeles Angels,2025,38,Catcher,Catcher,Active
621493,Taylor Ward,108,Los Angeles Angels,2025,3,Outfielder,Outfielder,Active
518595,Travis d'Arnaud,108,Los Angeles Angels,2025,25,Catcher,Catcher,Active
682989,Victor Mederos,108,Los Angeles Angels,2025,58,Pitcher,Pitcher,Active
579328,Yusei Kikuchi,108,Los Angeles Angels,2025,16,Pitcher,Pitcher,Active
687263,Zach Neto,108,Los Angeles Angels,2025,9,Shortstop,Infielder,Active
640462,A.J. Puk,109,Arizona Diamondbacks,2025,33,Pitcher,Pitcher,Active
680728,Adrian Del Castillo,109,Arizona Diamondbacks,2025,25,Catcher,Catcher,Active
677950,Alek Thomas,109,Arizona Diamondbacks,2025,5,Outfielder,Outfielder,Active
694851,Andrew Hoffmann,109,Arizona Diamondbacks,2025,56,Pitcher,Pitcher,Active
685314,Andrew Saalfrank,109,Arizona Diamondbacks,2025,27,Pitcher,Pitcher,Active
686796,Blake Walston,109,Arizona Diamondbacks,2025,48,Pitcher,Pitcher,Active
677942,Blaze Alexander,109,Arizona Diamondbacks,2025,9,Shortstop,Infielder,Active
694297,Brandon Pfaadt,109,Arizona Diamondbacks,2025,32,Pitcher,Pitcher,Active
805299,Brandyn Garcia,109,Arizona Diamondbacks,2025,55,Pitcher,Pitcher,Active
686826,Bryce Jarvis,109,Arizona Diamondbacks,2025,40,Pitcher,Pitcher,Active
801216,Christian Montes De Oca,109,Arizona Diamondbacks,2025,59,Pitcher,Pitcher,Active
669203,Corbin Burnes,109,Arizona Diamondbacks,2025,39,Pitcher,Pitcher,Active
682998,Corbin Carroll,109,Arizona Diamondbacks,2025,7,Outfielder,Outfielder,Active
691441,Cristian Mena,109,Arizona Diamondbacks,2025,64,Pitcher,Pitcher,Active
686753,Drey Jameson,109,Arizona Diamondbacks,2025,99,Pitcher,Pitcher,Active
593958,Eduardo Rodriguez,109,Arizona Diamondbacks,2025,57,Pitcher,Pitcher,Active
672515,Gabriel Moreno,109,Arizona Diamondbacks,2025,14,Catcher,Catcher,Active
672695,Geraldo Perdomo,109,Arizona Diamondbacks,2025,2,Shortstop,Infielder,Active
681402,Gus Varland,109,Arizona Diamondbacks,2025,,Pitcher,Pitcher,Active
664983,Jake McCarthy,109,Arizona Diamondbacks,2025,31,Outfielder,Outfielder,Active
691783,Jordan Lawlar,109,Arizona Diamondbacks,2025,10,Shortstop,Infielder,Active
678489,Jorge Barrosa,109,Arizona Diamondbacks,2025,1,Outfielder,Outfielder,Active
686228,Juan Burgos,109,Arizona Diamondbacks,2025,52,Pitcher,Pitcher,Active
666661,Juan Morillo,109,Arizona Diamondbacks,2025,67,Pitcher,Pitcher,Active
679885,Justin Martinez,109,Arizona Diamondbacks,2025,63,Pitcher,Pitcher,Active
606466,Ketel Marte,109,Arizona Diamondbacks,2025,4,Second Base,Infielder,Active
656464,Kevin Ginkel,109,Arizona Diamondbacks,2025,37,Pitcher,Pitcher,Active
679775,Kyle Backhus,109,Arizona Diamondbacks,2025,43,Pitcher,Pitcher,Active
666971,Lourdes Gurriel Jr.,109,Arizona Diamondbacks,2025,12,Outfielder,Outfielder,Active
656976,Pavin Smith,109,Arizona Diamondbacks,2025,26,First Base,Infielder,Active
691769,Philip Abner,109,Arizona Diamondbacks,2025,50,Pitcher,Pitcher,Active
657044,Ryan Thompson,109,Arizona Diamondbacks,2025,81,Pitcher,Pitcher,Active
669194,Ryne Nelson,109,Arizona Diamondbacks,2025,19,Pitcher,Pitcher,Active
688497,Taylor Rashi,109,Arizona Diamondbacks,2025,54,Pitcher,Pitcher,Active
694374,Tim Tawa,109,Arizona Diamondbacks,2025,13,Second Base,Infielder,Active
674072,Tommy Henry,109,Arizona Diamondbacks,2025,47,Pitcher,Pitcher,Active
682988,Tyler Locklear,109,Arizona Diamondbacks,2025,28,First Base,Infielder,Active
700270,Yilber Díaz,109,Arizona Diamondbacks,2025,45,Pitcher,Pitcher,Active
668939,Adley Rutschman,110,Baltimore Orioles,2025,35,Catcher,Catcher,Active
544150,Albert Suárez,110,Baltimore Orioles,2025,49,Pitcher,Pitcher,Active
656577,Alex Jackson,110,Baltimore Orioles,2025,70,Catcher,Catcher,Active
552640,Andrew Kittredge,110,Baltimore Orioles,2025,,Pitcher,Pitcher,Active
689296,Anthony Nunez,110,Baltimore Orioles,2025,,Pitcher,Pitcher,Active
687064,Brandon Young,110,Baltimore Orioles,2025,63,Pitcher,Pitcher,Active
700249,Cade Povich,110,Baltimore Orioles,2025,37,Pitcher,Pitcher,Active
694646,Chayce McDermott,110,Baltimore Orioles,2025,59,Pitcher,Pitcher,Active
691723,Coby Mayo,110,Baltimore Orioles,2025,16,First Base,Infielder,Active
681882,Colin Selby,110,Baltimore Orioles,2025,60,Pitcher,Pitcher,Active
681297,Colton Cowser,110,Baltimore Orioles,2025,17,Outfielder,Outfielder,Active
665152,Dean Kremer,110,Baltimore Orioles,2025,64,Pitcher,Pitcher,Active
608650,Dietrich Enns,110,Baltimore Orioles,2025,71,Pitcher,Pitcher,Active
687637,Dylan Beavers,110,Baltimore Orioles,2025,12,Outfielder,Outfielder,Active
642585,Félix Bautista,110,Baltimore Orioles,2025,74,Pitcher,Pitcher,Active
666277,George Soriano,110,Baltimore Orioles,2025,,Pitcher,Pitcher,Active
664991,Grant Wolfram,110,Baltimore Orioles,2025,86,Pitcher,Pitcher,Active
680570,Grayson Rodriguez,110,Baltimore Orioles,2025,30,Pitcher,Pitcher,Active
683002,Gunnar Henderson,110,Baltimore Orioles,2025,2,Shortstop,Infielder,Active
677008,Heston Kjerstad,110,Baltimore Orioles,2025,13,Outfielder,Outfielder,Active
702616,Jackson Holliday,110,Baltimore Orioles,2025,7,Second Base,Infielder,Active
669236,Jeremiah Jackson,110,Baltimore Orioles,2025,82,Second Base,Infielder,Active
676059,Jordan Westburg,110,Baltimore Orioles,2025,11,Third Base,Infielder,Active
664744,Jose Espada,110,Baltimore Orioles,2025,72,Pitcher,Pitcher,Active
669704,Kade Strowd,110,Baltimore Orioles,2025,57,Pitcher,Pitcher,Active
669211,Keegan Akin,110,Baltimore Orioles,2025,45,Pitcher,Pitcher,Active
680694,Kyle Bradish,110,Baltimore Orioles,2025,38,Pitcher,Pitcher,Active
665750,Leody Taveras,110,Baltimore Orioles,2025,,Outfield,Outfielder,Active
676679,Luis Vázquez,110,Baltimore Orioles,2025,52,Shortstop,Infielder,Active
668974,Maverick Handley,110,Baltimore Orioles,2025,98,Catcher,Catcher,Active
694175,Pedro León,110,Baltimore Orioles,2025,,Outfielder,Outfielder,Active
670329,Rico Garcia,110,Baltimore Orioles,2025,50,Pitcher,Pitcher,Active
663624,Ryan Mountcastle,110,Baltimore Orioles,2025,6,First Base,Infielder,Active
676116,Ryan Noda,110,Baltimore Orioles,2025,41,First Base,Infielder,Active
694212,Samuel Basallo,110,Baltimore Orioles,2025,29,Catcher,Catcher,Active
669432,Trevor Rogers,110,Baltimore Orioles,2025,28,Pitcher,Pitcher,Active
641933,Tyler O'Neill,110,Baltimore Orioles,2025,9,Outfielder,Outfielder,Active
669330,Tyler Wells,110,Baltimore Orioles,2025,68,Pitcher,Pitcher,Active
682274,Yaramil Hiraldo,110,Baltimore Orioles,2025,76,Pitcher,Pitcher,Active
666974,Yennier Cano,110,Baltimore Orioles,2025,78,Pitcher,Pitcher,Active
547973,Aroldis Chapman,111,Boston Red Sox,2025,44,Pitcher,Pitcher,Active
678394,Brayan Bello,111,Boston Red Sox,2025,66,Pitcher,Pitcher,Active
657514,Brennan Bernardino,111,Boston Red Sox,2025,83,Pitcher,Pitcher,Active
665966,Carlos Narváez,111,Boston Red Sox,2025,75,Catcher,Catcher,Active
678882,Ceddanne Rafaela,111,Boston Red Sox,2025,3,Outfielder,Outfielder,Active
669684,Chris Murphy,111,Boston Red Sox,2025,72,Pitcher,Pitcher,Active
813349,Connelly Early,111,Boston Red Sox,2025,71,Pitcher,Pitcher,Active
657136,Connor Wong,111,Boston Red Sox,2025,12,Catcher,Catcher,Active
681867,Cooper Criswell,111,Boston Red Sox,2025,64,Pitcher,Pitcher,Active
666152,David Hamilton,111,Boston Red Sox,2025,17,Second Base,Infielder,Active
676979,Garrett Crochet,111,Boston Red Sox,2025,35,Pitcher,Pitcher,Active
676477,Garrett Whitlock,111,Boston Red Sox,2025,22,Pitcher,Pitcher,Active
669711,Greg Weissert,111,Boston Red Sox,2025,57,Pitcher,Pitcher,Active
690928,Hunter Dobbins,111,Boston Red Sox,2025,73,Pitcher,Pitcher,Active
680776,Jarren Duran,111,Boston Red Sox,2025,16,Outfielder,Outfielder,Active
691373,Jhostynxon Garcia,111,Boston Red Sox,2025,51,Outfielder,Outfielder,Active
663855,Jordan Hicks,111,Boston Red Sox,2025,46,Pitcher,Pitcher,Active
670174,Josh Winckowski,111,Boston Red Sox,2025,25,Pitcher,Pitcher,Active
663558,Jovani Morán,111,Boston Red Sox,2025,47,Pitcher,Pitcher,Active
686580,Justin Slaten,111,Boston Red Sox,2025,63,Pitcher,Pitcher,Active
692225,Kristian Campbell,111,Boston Red Sox,2025,28,Second Base,Infielder,Active
676710,Kutter Crawford,111,Boston Red Sox,2025,50,Pitcher,Pitcher,Active
690986,Kyle Harrison,111,Boston Red Sox,2025,38,Pitcher,Pitcher,Active
691384,Luis Perales,111,Boston Red Sox,2025,,Pitcher,Pitcher,Active
691785,Marcelo Mayer,111,Boston Red Sox,2025,39,Third Base,Infielder,Active
807799,Masataka Yoshida,111,Boston Red Sox,2025,7,Outfielder,Outfielder,Active
681987,Nate Eaton,111,Boston Red Sox,2025,40,Third Base,Infielder,Active
663993,Nathaniel Lowe,111,Boston Red Sox,2025,37,First Base,Infielder,Active
686765,Nick Sogard,111,Boston Red Sox,2025,20,First Base,Infielder,Active
663776,Patrick Sandoval,111,Boston Red Sox,2025,43,Pitcher,Pitcher,Active
801139,Payton Tolle,111,Boston Red Sox,2025,70,Pitcher,Pitcher,Active
690916,Richard Fitts,111,Boston Red Sox,2025,80,Pitcher,Pitcher,Active
701350,Roman Anthony,111,Boston Red Sox,2025,19,Outfielder,Outfielder,Active
663853,Romy Gonzalez,111,Boston Red Sox,2025,23,First Base,Infielder,Active
656557,Tanner Houck,111,Boston Red Sox,2025,89,Pitcher,Pitcher,Active
596115,Trevor Story,111,Boston Red Sox,2025,10,Shortstop,Infielder,Active
671213,Triston Casas,111,Boston Red Sox,2025,36,First Base,Infielder,Active
687093,Vaughn Grissom,111,Boston Red Sox,2025,5,Second Base,Infielder,Active
677800,Wilyer Abreu,111,Boston Red Sox,2025,52,Outfielder,Outfielder,Active
677161,Zack Kelly,111,Boston Red Sox,2025,76,Pitcher,Pitcher,Active
676962,Ben Brown,112,Chicago Cubs,2025,32,Pitcher,Pitcher,Active
690990,Cade Horton,112,Chicago Cubs,2025,22,Pitcher,Pitcher,Active
608348,Carson Kelly,112,Chicago Cubs,2025,15,Catcher,Catcher,Active
607067,Colin Rea,112,Chicago Cubs,2025,53,Pitcher,Pitcher,Active
694037,Daniel Palencia,112,Chicago Cubs,2025,48,Pitcher,Pitcher,Active
621020,Dansby Swanson,112,Chicago Cubs,2025,7,Shortstop,Infielder,Active
669212,Eli Morgan,112,Chicago Cubs,2025,33,Pitcher,Pitcher,Active
681799,Ethan Roberts,112,Chicago Cubs,2025,39,Pitcher,Pitcher,Active
668970,Gavin Hollowell,112,Chicago Cubs,2025,46,Pitcher,Pitcher,Active
664023,Ian Happ,112,Chicago Cubs,2025,8,Outfielder,Outfielder,Active
680891,Jack Neely,112,Chicago Cubs,2025,37,Pitcher,Pitcher,Active
592791,Jameson Taillon,112,Chicago Cubs,2025,50,Pitcher,Pitcher,Active
665871,Javier Assad,112,Chicago Cubs,2025,72,Pitcher,Pitcher,Active
696136,Jordan Wicks,112,Chicago Cubs,2025,36,Pitcher,Pitcher,Active
657006,Justin Steele,112,Chicago Cubs,2025,35,Pitcher,Pitcher,Active
682634,Kevin Alcántara,112,Chicago Cubs,2025,13,Outfielder,Outfielder,Active
681432,Luke Little,112,Chicago Cubs,2025,43,Pitcher,Pitcher,Active
807713,Matt Shaw,112,Chicago Cubs,2025,6,Third Base,Infielder,Active
571510,Matthew Boyd,112,Chicago Cubs,2025,16,Pitcher,Pitcher,Active
683737,Michael Busch,112,Chicago Cubs,2025,29,First Base,Infielder,Active
665804,Miguel Amaya,112,Chicago Cubs,2025,9,Catcher,Catcher,Active
694208,Moisés Ballesteros,112,Chicago Cubs,2025,25,Catcher,Catcher,Active
663538,Nico Hoerner,112,Chicago Cubs,2025,2,Second Base,Infielder,Active
683357,Owen Caissie,112,Chicago Cubs,2025,19,Outfielder,Outfielder,Active
691718,Pete Crow-Armstrong,112,Chicago Cubs,2025,4,Outfielder,Outfielder,Active
687863,Porter Hodge,112,Chicago Cubs,2025,37,Pitcher,Pitcher,Active
624512,Reese McGuire,112,Chicago Cubs,2025,20,Catcher,Catcher,Active
673548,Seiya Suzuki,112,Chicago Cubs,2025,27,Outfielder,Outfielder,Active
671096,Andrew Abbott,113,Cincinnati Reds,2025,41,Pitcher,Pitcher,Active
694362,Blake Dunn,113,Cincinnati Reds,2025,59,Outfielder,Outfielder,Active
663903,Brady Singer,113,Cincinnati Reds,2025,51,Pitcher,Pitcher,Active
682227,Brandon Williamson,113,Cincinnati Reds,2025,65,Pitcher,Pitcher,Active
686730,Carson Spiers,113,Cincinnati Reds,2025,68,Pitcher,Pitcher,Active
695505,Chase Burns,113,Cincinnati Reds,2025,26,Pitcher,Pitcher,Active
695534,Chase Petty,113,Cincinnati Reds,2025,61,Pitcher,Pitcher,Active
687952,Christian Encarnacion-Strand,113,Cincinnati Reds,2025,33,First Base,Infielder,Active
683175,Connor Phillips,113,Cincinnati Reds,2025,34,Pitcher,Pitcher,Active
682829,Elly De La Cruz,113,Cincinnati Reds,2025,44,Shortstop,Infielder,Active
666158,Gavin Lux,113,Cincinnati Reds,2025,2,Outfielder,Outfielder,Active
668933,Graham Ashcraft,113,Cincinnati Reds,2025,23,Pitcher,Pitcher,Active
668881,Hunter Greene,113,Cincinnati Reds,2025,21,Pitcher,Pitcher,Active
683742,Jose Franco,113,Cincinnati Reds,2025,,Pitcher,Pitcher,Active
624431,Jose Trevino,113,Cincinnati Reds,2025,35,Catcher,Catcher,Active
687924,Julian Aguiar,113,Cincinnati Reds,2025,39,Pitcher,Pitcher,Active
663647,Ke'Bryan Hayes,113,Cincinnati Reds,2025,3,Third Base,Infielder,Active
624522,Keegan Thompson,113,Cincinnati Reds,2025,,Pitcher,Pitcher,Active
682825,Luis Mey,113,Cincinnati Reds,2025,62,Pitcher,Pitcher,Active
680689,Lyon Richardson,113,Cincinnati Reds,2025,72,Pitcher,Pitcher,Active
680574,Matt McLain,113,Cincinnati Reds,2025,9,Second Base,Infielder,Active
666157,Nick Lodolo,113,Cincinnati Reds,2025,40,Pitcher,Pitcher,Active
682622,Noelvi Marte,113,Cincinnati Reds,2025,16,Third Base,Infielder,Active
677956,Rece Hinds,113,Cincinnati Reds,2025,57,Outfielder,Outfielder,Active
695076,Rhett Lowder,113,Cincinnati Reds,2025,25,Pitcher,Pitcher,Active
682610,Roddery Muñoz,113,Cincinnati Reds,2025,,Pitcher,Pitcher,Active
701398,Sal Stewart,113,Cincinnati Reds,2025,43,Third Base,Infielder,Active
594580,Sam Moll,113,Cincinnati Reds,2025,50,Pitcher,Pitcher,Active
668715,Spencer Steer,113,Cincinnati Reds,2025,7,First Base,Infielder,Active
670770,TJ Friedl,113,Cincinnati Reds,2025,29,Outfielder,Outfielder,Active
663574,Tony Santillan,113,Cincinnati Reds,2025,64,Pitcher,Pitcher,Active
682997,Tyler Callihan,113,Cincinnati Reds,2025,32,Outfielder,Outfielder,Active
663886,Tyler Stephenson,113,Cincinnati Reds,2025,37,Catcher,Catcher,Active
677943,Will Banfield,113,Cincinnati Reds,2025,49,Catcher,Catcher,Active
666181,Will Benson,113,Cincinnati Reds,2025,30,Outfielder,Outfielder,Active
691172,Yosver Zulueta,113,Cincinnati Reds,2025,67,Pitcher,Pitcher,Active
687209,Zach Maxwell,113,Cincinnati Reds,2025,78,Pitcher,Pitcher,Active
689958,Andrew Walters,114,Cleveland Guardians,2025,91,Pitcher,Pitcher,Active
682657,Angel Martínez,114,Cleveland Guardians,2025,1,Outfielder,Outfielder,Active
595978,Austin Hedges,114,Cleveland Guardians,2025,27,Catcher,Catcher,Active
666310,Bo Naylor,114,Cleveland Guardians,2025,23,Catcher,Catcher,Active
677587,Brayan Rocchio,114,Cleveland Guardians,2025,4,Shortstop,Infielder,Active
692216,C.J. Kayfus,114,Cleveland Guardians,2025,63,First Base,Infielder,Active
671922,Cade Smith,114,Cleveland Guardians,2025,36,Pitcher,Pitcher,Active
800050,Chase DeLauter,114,Cleveland Guardians,2025,34,Outfielder,Outfielder,Active
682982,Daniel Espino,114,Cleveland Guardians,2025,66,Pitcher,Pitcher,Active
682177,Daniel Schneemann,114,Cleveland Guardians,2025,10,Second Base,Infielder,Active
681807,David Fry,114,Cleveland Guardians,2025,6,First Base,Infielder,Active
680951,Doug Nikhazy,114,Cleveland Guardians,2025,65,Pitcher,Pitcher,Active
681870,Erik Sabrowski,114,Cleveland Guardians,2025,62,Pitcher,Pitcher,Active
680916,Franco Aleman,114,Cleveland Guardians,2025,92,Pitcher,Pitcher,Active
672356,Gabriel Arias,114,Cleveland Guardians,2025,13,Shortstop,Infielder,Active
668909,Gavin Williams,114,Cleveland Guardians,2025,32,Pitcher,Pitcher,Active
671655,George Valera,114,Cleveland Guardians,2025,35,Outfielder,Outfielder,Active
683769,Hunter Gaddis,114,Cleveland Guardians,2025,33,Pitcher,Pitcher,Active
678877,Jhonkensy Noel,114,Cleveland Guardians,2025,43,Outfielder,Outfielder,Active
676282,Joey Cantillo,114,Cleveland Guardians,2025,54,Pitcher,Pitcher,Active
671286,Johnathan Rodríguez,114,Cleveland Guardians,2025,30,Outfielder,Outfielder,Active
608070,José Ramírez,114,Cleveland Guardians,2025,11,Third Base,Infielder,Active
682877,Juan Brito,114,Cleveland Guardians,2025,74,Shortstop,Infielder,Active
700932,Kyle Manzardo,114,Cleveland Guardians,2025,9,First Base,Infielder,Active
671106,Logan Allen,114,Cleveland Guardians,2025,26,Pitcher,Pitcher,Active
670036,Matt Festa,114,Cleveland Guardians,2025,52,Pitcher,Pitcher,Active
663671,Nic Enright,114,Cleveland Guardians,2025,59,Pitcher,Pitcher,Active
666134,Nolan Jones,114,Cleveland Guardians,2025,22,Outfielder,Outfielder,Active
800048,Parker Messick,114,Cleveland Guardians,2025,77,Pitcher,Pitcher,Active
690984,Petey Halpin,114,Cleveland Guardians,2025,0,Outfielder,Outfielder,Active
656529,Sam Hentges,114,Cleveland Guardians,2025,31,Pitcher,Pitcher,Active
677944,Slade Cecconi,114,Cleveland Guardians,2025,44,Pitcher,Pitcher,Active
680757,Steven Kwan,114,Cleveland Guardians,2025,38,Outfielder,Outfielder,Active
676440,Tanner Bibee,114,Cleveland Guardians,2025,28,Pitcher,Pitcher,Active
682120,Tim Herrin,114,Cleveland Guardians,2025,29,Pitcher,Pitcher,Active
686823,Will Brennan,114,Cleveland Guardians,2025,17,Outfielder,Outfielder,Active
687849,Zak Kent,114,Cleveland Guardians,2025,61,Pitcher,Pitcher,Active
691182,Adael Amador,115,Colorado Rockies,2025,1,Second Base,Infielder,Active
683409,Angel Chivilli,115,Colorado Rockies,2025,57,Pitcher,Pitcher,Active
683627,Anthony Molina,115,Colorado Rockies,2025,43,Pitcher,Pitcher,Active
622608,Antonio Senzatela,115,Colorado Rockies,2025,49,Pitcher,Pitcher,Active
688760,Blaine Crim,115,Colorado Rockies,2025,16,First Base,Infielder,Active
687134,Bradley Blalock,115,Colorado Rockies,2025,64,Pitcher,Pitcher,Active
690924,Braxton Fulford,115,Colorado Rockies,2025,37,Catcher,Catcher,Active
686668,Brenton Doyle,115,Colorado Rockies,2025,9,Outfielder,Outfielder,Active
687223,Carson Palmquist,115,Colorado Rockies,2025,45,Pitcher,Pitcher,Active
801403,Chase Dollander,115,Colorado Rockies,2025,32,Pitcher,Pitcher,Active
691011,Drew Romo,115,Colorado Rockies,2025,3,Catcher,Catcher,Active
678662,Ezequiel Tovar,115,Colorado Rockies,2025,14,Shortstop,Infielder,Active
670183,Garrett Acton,115,Colorado Rockies,2025,,Pitcher,Pitcher,Active
696100,Hunter Goodman,115,Colorado Rockies,2025,15,Catcher,Catcher,Active
677955,Jaden Hill,115,Colorado Rockies,2025,0,Pitcher,Pitcher,Active
676105,Jeff Criswell,115,Colorado Rockies,2025,46,Pitcher,Pitcher,Active
623474,Jimmy Herget,115,Colorado Rockies,2025,44,Pitcher,Pitcher,Active
687597,Jordan Beck,115,Colorado Rockies,2025,27,Outfielder,Outfielder,Active
675848,Juan Mejia,115,Colorado Rockies,2025,47,Pitcher,Pitcher,Active
592178,Kris Bryant,115,Colorado Rockies,2025,23,Designated Hitter,Hitter,Active
607536,Kyle Freeland,115,Colorado Rockies,2025,21,Pitcher,Pitcher,Active
691720,Kyle Karros,115,Colorado Rockies,2025,12,Third Base,Infielder,Active
678821,Luis Peralta,115,Colorado Rockies,2025,41,Pitcher,Pitcher,Active
685326,McCade Brown,115,Colorado Rockies,2025,51,Pitcher,Pitcher,Active
669911,Michael Toglia,115,Colorado Rockies,2025,4,First Base,Infielder,Active
666160,Mickey Moniak,115,Colorado Rockies,2025,22,Outfielder,Outfielder,Active
672710,Roansy Contreras,115,Colorado Rockies,2025,59,Pitcher,Pitcher,Active
663372,Ryan Feltner,115,Colorado Rockies,2025,18,Pitcher,Pitcher,Active
690022,Ryan Ritter,115,Colorado Rockies,2025,8,Shortstop,Infielder,Active
669020,Ryan Rolison,115,Colorado Rockies,2025,50,Pitcher,Pitcher,Active
678020,Seth Halvorsen,115,Colorado Rockies,2025,54,Pitcher,Pitcher,Active
685299,Tanner Gordon,115,Colorado Rockies,2025,29,Pitcher,Pitcher,Active
687859,Troy Johnston,115,Colorado Rockies,2025,,Outfield,Outfielder,Active
671289,Tyler Freeman,115,Colorado Rockies,2025,2,Outfielder,Outfielder,Active
680767,Victor Vodnik,115,Colorado Rockies,2025,38,Pitcher,Pitcher,Active
682653,Warming Bernabel,115,Colorado Rockies,2025,25,Third Base,Infielder,Active
692585,Yanquiel Fernández,115,Colorado Rockies,2025,35,Outfielder,Outfielder,Active
691728,Zac Veen,115,Colorado Rockies,2025,13,Outfielder,Outfielder,Active
688642,Zach Agnos,115,Colorado Rockies,2025,36,Pitcher,Pitcher,Active
656638,Alex Lange,116,Detroit Tigers,2025,55,Pitcher,Pitcher,Active
628451,Andy Ibáñez,116,Detroit Tigers,2025,77,Third Base,Infielder,Active
690544,Bailey Horn,116,Detroit Tigers,2025,67,Pitcher,Pitcher,Active
689225,Beau Brieske,116,Detroit Tigers,2025,4,Pitcher,Pitcher,Active
676428,Brant Hurter,116,Detroit Tigers,2025,48,Pitcher,Pitcher,Active
669724,Brenan Hanifee,116,Detroit Tigers,2025,75,Pitcher,Pitcher,Active
663554,Casey Mize,116,Detroit Tigers,2025,12,Pitcher,Pitcher,Active
695445,Chase Lee,116,Detroit Tigers,2025,53,Pitcher,Pitcher,Active
690993,Colt Keith,116,Detroit Tigers,2025,33,Second Base,Infielder,Active
693307,Dillon Dingler,116,Detroit Tigers,2025,13,Catcher,Catcher,Active
805427,Drew Sommers,116,Detroit Tigers,2025,51,Pitcher,Pitcher,Active
681916,Dylan Smith,116,Detroit Tigers,2025,58,Pitcher,Pitcher,Active
690291,Jace Jung,116,Detroit Tigers,2025,17,Third Base,Infielder,Active
656427,Jack Flaherty,116,Detroit Tigers,2025,9,Pitcher,Pitcher,Active
669193,Jack Little,116,Detroit Tigers,2025,,Pitcher,Pitcher,Active
695549,Jackson Jobe,116,Detroit Tigers,2025,21,Pitcher,Pitcher,Active
663330,Jahmai Jones,116,Detroit Tigers,2025,18,Outfielder,Outfielder,Active
668670,Jake Rogers,116,Detroit Tigers,2025,34,Catcher,Catcher,Active
671345,Jason Foley,116,Detroit Tigers,2025,68,Pitcher,Pitcher,Active
595879,Javier Báez,116,Detroit Tigers,2025,28,Outfielder,Outfielder,Active
669234,Justyn-Henry Malloy,116,Detroit Tigers,2025,44,Outfielder,Outfielder,Active
672456,Keider Montero,116,Detroit Tigers,2025,54,Pitcher,Pitcher,Active
681481,Kerry Carpenter,116,Detroit Tigers,2025,30,Outfielder,Outfielder,Active
663837,Matt Vierling,116,Detroit Tigers,2025,8,Outfielder,Outfielder,Active
678009,Parker Meadows,116,Detroit Tigers,2025,22,Outfielder,Outfielder,Active
681857,Reese Olson,116,Detroit Tigers,2025,45,Pitcher,Pitcher,Active
682985,Riley Greene,116,Detroit Tigers,2025,31,Outfielder,Outfielder,Active
687830,Sawyer Gipson-Long,116,Detroit Tigers,2025,66,Pitcher,Pitcher,Active
674944,Sean Guenther,116,Detroit Tigers,2025,73,Pitcher,Pitcher,Active
679529,Spencer Torkelson,116,Detroit Tigers,2025,20,First Base,Infielder,Active
663432,Tanner Rainey,116,Detroit Tigers,2025,32,Pitcher,Pitcher,Active
669373,Tarik Skubal,116,Detroit Tigers,2025,29,Pitcher,Pitcher,Active
700242,Trey Sweeney,116,Detroit Tigers,2025,27,Shortstop,Infielder,Active
675512,Troy Melton,116,Detroit Tigers,2025,52,Pitcher,Pitcher,Active
680744,Ty Madden,116,Detroit Tigers,2025,36,Pitcher,Pitcher,Active
663947,Tyler Holton,116,Detroit Tigers,2025,87,Pitcher,Pitcher,Active
694331,Tyler Mattison,116,Detroit Tigers,2025,59,Pitcher,Pitcher,Active
672761,Wenceel Pérez,116,Detroit Tigers,2025,46,Outfielder,Outfielder,Active
676684,Will Vest,116,Detroit Tigers,2025,19,Pitcher,Pitcher,Active
656716,Zach McKinstry,116,Detroit Tigers,2025,39,Third Base,Infielder,Active
805123,AJ Blubaugh,117,Houston Astros,2025,69,Pitcher,Pitcher,Active
656986,Bennett Sousa,117,Houston Astros,2025,62,Pitcher,Pitcher,Active
687888,Brandon Walter,117,Houston Astros,2025,60,Pitcher,Pitcher,Active
694728,Brice Matthews,117,Houston Astros,2025,28,Shortstop,Infielder,Active
650556,Bryan Abreu,117,Houston Astros,2025,52,Pitcher,Pitcher,Active
687911,Bryan King,117,Houston Astros,2025,74,Pitcher,Pitcher,Active
701358,Cam Smith,117,Houston Astros,2025,11,Outfielder,Outfielder,Active
621043,Carlos Correa,117,Houston Astros,2025,1,Shortstop,Infielder,Active
663967,César Salazar,117,Houston Astros,2025,18,Catcher,Catcher,Active
572233,Christian Walker,117,Houston Astros,2025,8,First Base,Infielder,Active
676467,Colton Gordon,117,Houston Astros,2025,61,Pitcher,Pitcher,Active
664299,Cristian Javier,117,Houston Astros,2025,53,Pitcher,Pitcher,Active
660853,Enyel De Los Santos,117,Houston Astros,2025,65,Pitcher,Pitcher,Active
669713,Hayden Wesneski,117,Houston Astros,2025,39,Pitcher,Pitcher,Active
686613,Hunter Brown,117,Houston Astros,2025,58,Pitcher,Pitcher,Active
670623,Isaac Paredes,117,Houston Astros,2025,15,Third Base,Infielder,Active
641585,J.P. France,117,Houston Astros,2025,68,Pitcher,Pitcher,Active
689200,Jacob Melton,117,Houston Astros,2025,31,Outfielder,Outfielder,Active
676694,Jake Meyers,117,Houston Astros,2025,6,Outfielder,Outfielder,Active
669920,Jason Alexander,117,Houston Astros,2025,54,Pitcher,Pitcher,Active
681151,Jayden Murray,117,Houston Astros,2025,70,Pitcher,Pitcher,Active
665161,Jeremy Peña,117,Houston Astros,2025,3,Shortstop,Infielder,Active
660821,Jesús Sánchez,117,Houston Astros,2025,4,Outfielder,Outfielder,Active
514888,Jose Altuve,117,Houston Astros,2025,27,Outfielder,Outfielder,Active
623352,Josh Hader,117,Houston Astros,2025,71,Pitcher,Pitcher,Active
672391,Kaleb Ort,117,Houston Astros,2025,63,Pitcher,Pitcher,Active
621121,Lance McCullers Jr.,117,Houston Astros,2025,43,Pitcher,Pitcher,Active
701121,Logan VanWey,117,Houston Astros,2025,64,Pitcher,Pitcher,Active
643289,Mauricio Dubón,117,Houston Astros,2025,14,Second Base,Infielder,Active
663878,Nate Pearson,117,Houston Astros,2025,,Pitcher,Pitcher,Active
602104,Ramón Urías,117,Houston Astros,2025,29,Third Base,Infielder,Active
669854,Ronel Blanco,117,Houston Astros,2025,56,Pitcher,Pitcher,Active
694376,Shay Whitcomb,117,Houston Astros,2025,10,Outfielder,Outfielder,Active
681293,Spencer Arrighetti,117,Houston Astros,2025,41,Pitcher,Pitcher,Active
595345,Steven Okert,117,Houston Astros,2025,48,Pitcher,Pitcher,Active
666211,Taylor Trammell,117,Houston Astros,2025,26,Outfielder,Outfielder,Active
673237,Yainer Diaz,117,Houston Astros,2025,21,Catcher,Catcher,Active
670541,Yordan Alvarez,117,Houston Astros,2025,44,Outfielder,Outfielder,Active
805904,Zach Cole,117,Houston Astros,2025,16,Outfielder,Outfielder,Active
701305,Zach Dezenzo,117,Houston Astros,2025,9,Outfielder,Outfielder,Active
679525,Alec Marsh,118,Kansas City Royals,2025,48,Pitcher,Pitcher,Active
672582,Angel Zerpa,118,Kansas City Royals,2025,61,Pitcher,Pitcher,Active
663559,Bailey Falter,118,Kansas City Royals,2025,36,Pitcher,Pitcher,Active
677951,Bobby Witt Jr.,118,Kansas City Royals,2025,7,Shortstop,Infielder,Active
608032,Carlos Estévez,118,Kansas City Royals,2025,53,Pitcher,Pitcher,Active
695600,Carter Jensen,118,Kansas City Royals,2025,22,Catcher,Catcher,Active
666142,Cole Ragans,118,Kansas City Royals,2025,55,Pitcher,Pitcher,Active
680118,Dairon Blanco,118,Kansas City Royals,2025,44,Outfielder,Outfielder,Active
663738,Daniel Lynch IV,118,Kansas City Royals,2025,41,Pitcher,Pitcher,Active
671221,Drew Waters,118,Kansas City Royals,2025,8,Outfielder,Outfielder,Active
672021,Eric Cerantola,118,Kansas City Royals,2025,87,Pitcher,Pitcher,Active
695506,Jac Caglianone,118,Kansas City Royals,2025,14,Outfielder,Outfielder,Active
663704,James McArthur,118,Kansas City Royals,2025,66,Pitcher,Pitcher,Active
670231,John Rave,118,Kansas City Royals,2025,16,Outfielder,Outfielder,Active
670167,John Schreiber,118,Kansas City Royals,2025,46,Pitcher,Pitcher,Active
680742,Jonathan Bowlan,118,Kansas City Royals,2025,62,Pitcher,Pitcher,Active
663697,Jonathan India,118,Kansas City Royals,2025,6,Second Base,Infielder,Active
670224,Kameron Misner,118,Kansas City Royals,2025,,Outfielder,Outfielder,Active
663460,Kris Bubic,118,Kansas City Royals,2025,50,Pitcher,Pitcher,Active
664728,Kyle Isbel,118,Kansas City Royals,2025,28,Outfielder,Outfielder,Active
668674,Lucas Erceg,118,Kansas City Royals,2025,60,Pitcher,Pitcher,Active
679883,Luinder Avila,118,Kansas City Royals,2025,58,Pitcher,Pitcher,Active
669004,MJ Melendez,118,Kansas City Royals,2025,1,Outfielder,Outfielder,Active
672580,Maikel Garcia,118,Kansas City Royals,2025,11,Third Base,Infielder,Active
696131,Mason Black,118,Kansas City Royals,2025,,Pitcher,Pitcher,Active
686681,Michael Massey,118,Kansas City Royals,2025,19,Second Base,Infielder,Active
608379,Michael Wacha,118,Kansas City Royals,2025,52,Pitcher,Pitcher,Active
679845,Nick Loftin,118,Kansas City Royals,2025,12,Outfielder,Outfielder,Active
702070,Noah Cameron,118,Kansas City Royals,2025,65,Pitcher,Pitcher,Active
686701,Ryan Bergert,118,Kansas City Royals,2025,38,Pitcher,Pitcher,Active
521692,Salvador Perez,118,Kansas City Royals,2025,13,Catcher,Catcher,Active
607625,Seth Lugo,118,Kansas City Royals,2025,67,Pitcher,Pitcher,Active
663568,Stephen Kolek,118,Kansas City Royals,2025,32,Pitcher,Pitcher,Active
674444,Steven Cruz,118,Kansas City Royals,2025,64,Pitcher,Pitcher,Active
664199,Taylor Clarke,118,Kansas City Royals,2025,45,Pitcher,Pitcher,Active
686475,Tyler Tolbert,118,Kansas City Royals,2025,2,Second Base,Infielder,Active
686469,Vinnie Pasquantino,118,Kansas City Royals,2025,9,First Base,Infielder,Active
669743,Alex Call,119,Los Angeles Dodgers,2025,12,Outfielder,Outfielder,Active
690976,Alex Freeland,119,Los Angeles Dodgers,2025,76,Shortstop,Infielder,Active
681911,Alex Vesia,119,Los Angeles Dodgers,2025,51,Pitcher,Pitcher,Active
681624,Andy Pages,119,Los Angeles Dodgers,2025,44,Outfielder,Outfielder,Active
607455,Anthony Banda,119,Los Angeles Dodgers,2025,43,Pitcher,Pitcher,Active
676508,Ben Casparius,119,Los Angeles Dodgers,2025,78,Pitcher,Pitcher,Active
666163,Ben Rortvedt,119,Los Angeles Dodgers,2025,47,Catcher,Catcher,Active
605483,Blake Snell,119,Los Angeles Dodgers,2025,7,Pitcher,Pitcher,Active
595014,Blake Treinen,119,Los Angeles Dodgers,2025,49,Pitcher,Pitcher,Active
676272,Bobby Miller,119,Los Angeles Dodgers,2025,28,Pitcher,Pitcher,Active
592779,Brock Stewart,119,Los Angeles Dodgers,2025,41,Pitcher,Pitcher,Active
660813,Brusdar Graterol,119,Los Angeles Dodgers,2025,48,Pitcher,Pitcher,Active
687221,Dalton Rushing,119,Los Angeles Dodgers,2025,68,Catcher,Catcher,Active
683618,Edgardo Henriquez,119,Los Angeles Dodgers,2025,60,Pitcher,Pitcher,Active
686218,Emmet Sheehan,119,Los Angeles Dodgers,2025,80,Pitcher,Pitcher,Active
665923,Esteury Ruiz,119,Los Angeles Dodgers,2025,27,Outfielder,Outfielder,Active
623465,Evan Phillips,119,Los Angeles Dodgers,2025,59,Pitcher,Pitcher,Active
518692,Freddie Freeman,119,Los Angeles Dodgers,2025,5,First Base,Infielder,Active
694813,Gavin Stone,119,Los Angeles Dodgers,2025,35,Pitcher,Pitcher,Active
808975,Hyeseong Kim,119,Los Angeles Dodgers,2025,6,Second Base,Infielder,Active
676263,Jack Dreyer,119,Los Angeles Dodgers,2025,86,Pitcher,Pitcher,Active
680736,Justin Wrobleski,119,Los Angeles Dodgers,2025,70,Pitcher,Pitcher,Active
669165,Kyle Hurt,119,Los Angeles Dodgers,2025,63,Pitcher,Pitcher,Active
689017,Landon Knack,119,Los Angeles Dodgers,2025,96,Pitcher,Pitcher,Active
571970,Max Muncy,119,Los Angeles Dodgers,2025,13,Third Base,Infielder,Active
605141,Mookie Betts,119,Los Angeles Dodgers,2025,50,Shortstop,Infielder,Active
693308,Nick Frasso,119,Los Angeles Dodgers,2025,79,Pitcher,Pitcher,Active
801434,Paul Gervase,119,Los Angeles Dodgers,2025,65,Pitcher,Pitcher,Active
689981,River Ryan,119,Los Angeles Dodgers,2025,77,Pitcher,Pitcher,Active
673662,Robinson Ortiz,119,Los Angeles Dodgers,2025,,Pitcher,Pitcher,Active
808963,Roki Sasaki,119,Los Angeles Dodgers,2025,11,Pitcher,Pitcher,Active
669899,Ryan Ward,119,Los Angeles Dodgers,2025,,Outfielder,Outfielder,Active
660271,Shohei Ohtani,119,Los Angeles Dodgers,2025,17,Two-Way Player,Two-Way Player,Active
656945,Tanner Scott,119,Los Angeles Dodgers,2025,66,Pitcher,Pitcher,Active
606192,Teoscar Hernández,119,Los Angeles Dodgers,2025,37,Outfielder,Outfielder,Active
669242,Tommy Edman,119,Los Angeles Dodgers,2025,25,Second Base,Infielder,Active
607192,Tyler Glasnow,119,Los Angeles Dodgers,2025,31,Pitcher,Pitcher,Active
694361,Will Klein,119,Los Angeles Dodgers,2025,61,Pitcher,Pitcher,Active
669257,Will Smith,119,Los Angeles Dodgers,2025,16,Catcher,Catcher,Active
808967,Yoshinobu Yamamoto,119,Los Angeles Dodgers,2025,18,Pitcher,Pitcher,Active
665953,Andrés Chaparro,120,Washington Nationals,2025,87,First Base,Infielder,Active
674841,Andrew Alvarez,120,Washington Nationals,2025,54,Pitcher,Pitcher,Active
691251,Andry Lara,120,Washington Nationals,2025,72,Pitcher,Pitcher,Active
695418,Brad Lord,120,Washington Nationals,2025,61,Pitcher,Pitcher,Active
691781,Brady House,120,Washington Nationals,2025,55,Third Base,Infielder,Active
682928,CJ Abrams,120,Washington Nationals,2025,5,Shortstop,Infielder,Active
676917,Cade Cavalli,120,Washington Nationals,2025,24,Pitcher,Pitcher,Active
690925,Clayton Beeter,120,Washington Nationals,2025,39,Pitcher,Pitcher,Active
669371,Cole Henry,120,Washington Nationals,2025,99,Pitcher,Pitcher,Active
687792,DJ Herz,120,Washington Nationals,2025,77,Pitcher,Pitcher,Active
695734,Daylen Lile,120,Washington Nationals,2025,51,Outfielder,Outfielder,Active
686452,Drew Millas,120,Washington Nationals,2025,81,Catcher,Catcher,Active
686611,Dylan Crews,120,Washington Nationals,2025,3,Outfielder,Outfielder,Active
671131,Jackson Rutledge,120,Washington Nationals,2025,79,Pitcher,Pitcher,Active
696285,Jacob Young,120,Washington Nationals,2025,30,Outfielder,Outfielder,Active
671109,Jake Eder,120,Washington Nationals,2025,,Pitcher,Pitcher,Active
663623,Jake Irvin,120,Washington Nationals,2025,27,Pitcher,Pitcher,Active
695578,James Wood,120,Washington Nationals,2025,29,Outfielder,Outfielder,Active
678606,Jose A. Ferrer,120,Washington Nationals,2025,47,Pitcher,Pitcher,Active
677588,José Tena,120,Washington Nationals,2025,8,Third Base,Infielder,Active
680686,Josiah Gray,120,Washington Nationals,2025,40,Pitcher,Pitcher,Active
642759,Julian Fernández,120,Washington Nationals,2025,65,Pitcher,Pitcher,Active
660688,Keibert Ruiz,120,Washington Nationals,2025,20,Catcher,Catcher,Active
663455,Konnor Pilkington,120,Washington Nationals,2025,45,Pitcher,Pitcher,Active
671277,Luis García Jr.,120,Washington Nationals,2025,2,Second Base,Infielder,Active
669022,MacKenzie Gore,120,Washington Nationals,2025,1,Pitcher,Pitcher,Active
680730,Mitchell Parker,120,Washington Nationals,2025,70,Pitcher,Pitcher,Active
683083,Nasim Nuñez,120,Washington Nationals,2025,26,Shortstop,Infielder,Active
687377,Orlando Ribalta,120,Washington Nationals,2025,64,Pitcher,Pitcher,Active
676571,PJ Poulin,120,Washington Nationals,2025,50,Pitcher,Pitcher,Active
656180,Riley Adams,120,Washington Nationals,2025,15,Catcher,Catcher,Active
690987,Robert Hassell III,120,Washington Nationals,2025,57,Outfielder,Outfielder,Active
666659,Sauryn Lao,120,Washington Nationals,2025,73,Pitcher,Pitcher,Active
592866,Trevor Williams,120,Washington Nationals,2025,32,Pitcher,Pitcher,Active
621345,A.J. Minter,121,New York Mets,2025,33,Pitcher,Pitcher,Active
692024,Alex Carrillo,121,New York Mets,2025,84,Pitcher,Pitcher,Active
681810,Austin Warren,121,New York Mets,2025,44,Pitcher,Pitcher,Active
607043,Brandon Nimmo,121,New York Mets,2025,9,Outfielder,Outfielder,Active
687075,Brandon Sproat,121,New York Mets,2025,40,Pitcher,Pitcher,Active
663399,Brandon Waddell,121,New York Mets,2025,82,Pitcher,Pitcher,Active
683146,Brett Baty,121,New York Mets,2025,7,Third Base,Infielder,Active
548384,Brooks Raley,121,New York Mets,2025,25,Pitcher,Pitcher,Active
681035,Christian Scott,121,New York Mets,2025,45,Pitcher,Pitcher,Active
605280,Clay Holmes,121,New York Mets,2025,35,Pitcher,Pitcher,Active
664849,Danny Young,121,New York Mets,2025,81,Pitcher,Pitcher,Active
656849,David Peterson,121,New York Mets,2025,23,Pitcher,Pitcher,Active
673380,Dedniel Núñez,121,New York Mets,2025,72,Pitcher,Pitcher,Active
697811,Dylan Ross,121,New York Mets,2025,50,Pitcher,Pitcher,Active
682626,Francisco Alvarez,121,New York Mets,2025,4,Catcher,Catcher,Active
596019,Francisco Lindor,121,New York Mets,2025,12,Shortstop,Infielder,Active
593423,Frankie Montas,121,New York Mets,2025,47,Pitcher,Pitcher,Active
663584,Hayden Senger,121,New York Mets,2025,30,Catcher,Catcher,Active
623211,Huascar Brazobán,121,New York Mets,2025,43,Pitcher,Pitcher,Active
676724,Jared Young,121,New York Mets,2025,29,Outfielder,Outfielder,Active
643446,Jeff McNeil,121,New York Mets,2025,1,Second Base,Infielder,Active
678225,Ji Hwan Bae,121,New York Mets,2025,,Outfielder,Outfielder,Active
680702,Joey Gerber,121,New York Mets,2025,,Pitcher,Pitcher,Active
804636,Jonah Tong,121,New York Mets,2025,21,Pitcher,Pitcher,Active
702752,Jonathan Pintaro,121,New York Mets,2025,91,Pitcher,Pitcher,Active
620454,José Castillo,121,New York Mets,2025,,Pitcher,Pitcher,Active
665742,Juan Soto,121,New York Mets,2025,22,Outfielder,Outfielder,Active
663795,Justin Hagenman,121,New York Mets,2025,51,Pitcher,Pitcher,Active
673540,Kodai Senga,121,New York Mets,2025,34,Pitcher,Pitcher,Active
620443,Luis Torrens,121,New York Mets,2025,13,Catcher,Catcher,Active
682668,Luisangel Acuña,121,New York Mets,2025,2,Second Base,Infielder,Active
668901,Mark Vientos,121,New York Mets,2025,27,Third Base,Infielder,Active
668820,Max Kranick,121,New York Mets,2025,32,Pitcher,Pitcher,Active
690997,Nolan McLean,121,New York Mets,2025,26,Pitcher,Pitcher,Active
657585,Reed Garrett,121,New York Mets,2025,75,Pitcher,Pitcher,Active
663992,Richard Lovelady,121,New York Mets,2025,,Pitcher,Pitcher,Active
677595,Ronny Mauricio,121,New York Mets,2025,10,Third Base,Infielder,Active
640455,Sean Manaea,121,New York Mets,2025,59,Pitcher,Pitcher,Active
656731,Tylor Megill,121,New York Mets,2025,38,Pitcher,Pitcher,Active
621438,Tyrone Taylor,121,New York Mets,2025,15,Outfielder,Outfielder,Active
